{
  "pseudo_o1-preview_analogy": 0.457008547008547,
  "pseudo_o1-preview": 0.49822055137844606,
  "text_o1-preview_analogy": 0.4413255360623782,
  "text_o1-preview": 0.35105820105820107
}