{
  "pseudo_o1-preview_analogy": 0.6996662958843161,
  "pseudo_o1-preview": 0.7321428571428572,
  "text_o1-preview_analogy": 0.7129186602870814,
  "text_o1-preview": 0.625
}