{
  "pseudo_o1-preview_analogy": {
    "fled": 0.995893206467704,
    "pointed at": 0.9899494936611665,
    "pulled": 0.9990561583550596,
    "pushed": 1.0,
    "walked": 0.42640143271122083,
    "hunted": 0.8637789008984333,
    "impacted": 0.5472493629827029,
    "perched": 0.3769230769230769,
    "showed": 0.6396021490668313,
    "smashed": 0.9922778767136677,
    "bombed": 1.0,
    "flew": 0.6396021490668313,
    "floated": 0.9899494936611665,
    "lifted": 0.9899494936611665,
    "sank": 1.0,
    "argued with": 0.16155521124766287,
    "gave to": 0.9899494936611665,
    "offended": 0.21974042014452447,
    "rushed": 0.8574929257125441,
    "warned": 0.28177353576820807,
    "owned": 0.6572701803516953,
    "regretted": 0.47140452079103173,
    "rested": 0.47140452079103173,
    "tempted": 0.3812464258315117,
    "wanted": 0.9899494936611665,
    "hoped": 0.5883484054145521,
    "increased": 1.0,
    "obeyed": 0.0,
    "respected": 0.5084751798731267,
    "succeeded": 0.5883484054145521
  },
  "pseudo_o1-preview": {
    "fled": 0.9805806756909202,
    "pointed at": 0.9899494936611665,
    "pulled": 1.0,
    "pushed": 1.0,
    "walked": 0.42640143271122083,
    "hunted": 0.8637789008984333,
    "impacted": 0.4008188340197078,
    "perched": 0.6999999999999998,
    "showed": 0.6667810079189725,
    "smashed": 0.9615239476408232,
    "bombed": 1.0,
    "flew": 0.6396021490668313,
    "floated": 0.9899494936611665,
    "lifted": 0.9899494936611665,
    "sank": 1.0,
    "argued with": 0.16222142113076254,
    "gave to": 0.9899494936611665,
    "offended": 0.17668545570588978,
    "rushed": 0.8574929257125441,
    "warned": 0.5507910552258941,
    "owned": 0.9341987329938276,
    "regretted": 0.47140452079103173,
    "rested": 0.47140452079103173,
    "tempted": 0.3479109461952024,
    "wanted": 0.9486832980505138,
    "hoped": 0.5883484054145521,
    "increased": 1.0,
    "obeyed": 0.0,
    "respected": 0.47140452079103173,
    "succeeded": 0.5883484054145521
  },
  "text_o1-preview_analogy": {
    "fled": 1.0,
    "pointed at": 0.9799999999999999,
    "pulled": 0.09470274476207567,
    "pushed": 0.7633862853691146,
    "walked": 0.45226701686664533,
    "hunted": 0.7071067811865475,
    "impacted": 0.31622776601683794,
    "perched": 0.0,
    "showed": 0.6575636373058643,
    "smashed": 0.9486832980505138,
    "bombed": 1.0,
    "flew": 0.6396021490668313,
    "floated": 0.9899494936611665,
    "lifted": 0.9899494936611665,
    "sank": 1.0,
    "argued with": 0.4275555021066408,
    "gave to": 0.9449534713080125,
    "offended": 0.3195107421317288,
    "rushed": 0.8911327886790066,
    "warned": 0.5952291104443191,
    "owned": 0.37267799624996484,
    "regretted": 0.7858252779857413,
    "rested": 0.47140452079103173,
    "tempted": 0.372677996249965,
    "wanted": 0.33230926537302674,
    "hoped": 0.5883484054145521,
    "increased": 1.0,
    "obeyed": 0.0,
    "respected": 0.49080803974276804,
    "succeeded": 0.5883484054145521
  },
  "text_o1-preview": {
    "fled": 1.0,
    "pointed at": 0.9858839754832991,
    "pulled": 0.0,
    "pushed": 0.34874291623145787,
    "walked": 0.46032945235880796,
    "hunted": 0.7071067811865475,
    "impacted": 0.31622776601683794,
    "perched": 0.08962581595302717,
    "showed": 0.5972058130371566,
    "smashed": 0.9486832980505138,
    "bombed": 1.0,
    "flew": 0.6396021490668313,
    "floated": 0.9899494936611665,
    "lifted": 0.9899494936611665,
    "sank": 1.0,
    "argued with": 0.2982404540317303,
    "gave to": 0.9524704719832524,
    "offended": 0.19088542889273336,
    "rushed": 0.7633986120456707,
    "warned": 0.6499336836196815,
    "owned": 0.38017827282168964,
    "regretted": 0.8432740427115679,
    "rested": 0.47140452079103173,
    "tempted": 0.42163702135578396,
    "wanted": 0.4942416505721723,
    "hoped": 0.5883484054145521,
    "increased": 1.0,
    "obeyed": 0.0,
    "respected": 0.5921443410477893,
    "succeeded": 0.6201736729460423
  }
}