{
  "pseudo_o1-preview_analogy": {
    "fled": 1.0,
    "pointed at": 0.9899494936611665,
    "pulled": 0.9990561583550596,
    "pushed": 1.0,
    "walked": 0.9486832980505138,
    "hunted": 0.8637789008984333,
    "impacted": 0.5472493629827029,
    "perched": 0.9899494936611665,
    "showed": 0.5144957554275265,
    "smashed": 0.9922778767136677,
    "bombed": 1.0,
    "flew": 0.8574929257125441,
    "floated": 0.9899494936611665,
    "lifted": 1.0,
    "sank": 1.0,
    "argued with": 0.9986876634765887,
    "gave to": 0.9899494936611665,
    "offended": 0.6305926250944656,
    "rushed": 0.8574929257125441,
    "warned": 0.9965457582448796,
    "owned": 0.6536198703460925,
    "regretted": 0.7071067811865475,
    "rested": 0.7071067811865475,
    "tempted": 0.8944271909999157,
    "wanted": 0.9899494936611665,
    "hoped": 0.7071067811865475,
    "increased": 1.0,
    "obeyed": 0.9999999999999998,
    "respected": 0.5144957554275265,
    "succeeded": 0.5144957554275265
  },
  "pseudo_o1-preview": {
    "fled": 1.0,
    "pointed at": 0.9899494936611665,
    "pulled": 1.0,
    "pushed": 1.0,
    "walked": 0.9486832980505138,
    "hunted": 0.8637789008984333,
    "impacted": 0.4008188340197078,
    "perched": 0.9899494936611665,
    "showed": 0.5512572654369313,
    "smashed": 0.9615239476408232,
    "bombed": 1.0,
    "flew": 0.8574929257125441,
    "floated": 0.9899494936611665,
    "lifted": 1.0,
    "sank": 1.0,
    "argued with": 0.9899494936611665,
    "gave to": 0.9899494936611665,
    "offended": 0.23046638387921276,
    "rushed": 0.8574929257125441,
    "warned": 0.9486832980505137,
    "owned": 0.9557790087219502,
    "regretted": 0.7071067811865475,
    "rested": 0.7071067811865475,
    "tempted": 0.8637789008984333,
    "wanted": 0.9486832980505138,
    "hoped": 0.7071067811865475,
    "increased": 1.0,
    "obeyed": 0.8022332212740244,
    "respected": 0.5144957554275265,
    "succeeded": 0.5144957554275265
  },
  "text_o1-preview_analogy": {
    "fled": 1.0,
    "pointed at": 0.9999999999999999,
    "pulled": 0.09053574604251853,
    "pushed": 0.7633862853691146,
    "walked": 0.9838699100999073,
    "hunted": 0.7071067811865475,
    "impacted": 0.31622776601683794,
    "perched": 0.9899494936611665,
    "showed": 0.9005516363645785,
    "smashed": 0.9486832980505138,
    "bombed": 1.0,
    "flew": 0.8574929257125441,
    "floated": 0.9899494936611665,
    "lifted": 1.0,
    "sank": 1.0,
    "argued with": 0.9986876634765887,
    "gave to": 0.9999999999999999,
    "offended": 0.447213595499958,
    "rushed": 0.9970544855015814,
    "warned": 0.7682212795973759,
    "owned": 0.35713746626659143,
    "regretted": 0.8320502943378436,
    "rested": 0.7071067811865475,
    "tempted": 0.8944271909999157,
    "wanted": 0.31622776601683794,
    "hoped": 0.7071067811865475,
    "increased": 1.0,
    "obeyed": 0.7592566023652965,
    "respected": 0.5144957554275265,
    "succeeded": 0.5144957554275265
  },
  "text_o1-preview": {
    "fled": 1.0,
    "pointed at": 0.9986876634765887,
    "pulled": 0.0,
    "pushed": 0.31622776601683794,
    "walked": 0.8087360843031886,
    "hunted": 0.7071067811865475,
    "impacted": 0.31622776601683794,
    "perched": 0.9899494936611665,
    "showed": 0.9417419115948374,
    "smashed": 0.9486832980505138,
    "bombed": 1.0,
    "flew": 0.8574929257125441,
    "floated": 0.9899494936611665,
    "lifted": 1.0,
    "sank": 1.0,
    "argued with": 0.9899494936611665,
    "gave to": 0.9951580892710009,
    "offended": 0.3328201177351374,
    "rushed": 0.8022332212740244,
    "warned": 0.9230769230769231,
    "owned": 0.4008188340197078,
    "regretted": 0.9486832980505137,
    "rested": 0.7071067811865475,
    "tempted": 0.9486832980505137,
    "wanted": 0.5144957554275265,
    "hoped": 0.7071067811865475,
    "increased": 1.0,
    "obeyed": 0.996815278536125,
    "respected": 0.7157819483772107,
    "succeeded": 0.7592566023652965
  }
}