{
  "pseudo_o1-preview_analogy": {
    "0": [
      0.5634394629245196,
      0.0011865647610763198
    ],
    "1": [
      0.5125137361930787,
      0.0037831979081356945
    ],
    "2": [
      0.539872136544453,
      0.0020753543660342226
    ],
    "3": [
      0.4753804505926187,
      0.00793334381975097
    ]
  },
  "pseudo_o1-preview": {
    "0": [
      0.554540317220258,
      0.0014725352560576574
    ],
    "1": [
      0.5919956425739401,
      0.0005687281506272181
    ],
    "2": [
      0.5098243692706391,
      0.00400271053039569
    ],
    "3": [
      0.47683963762114456,
      0.0077173578468224474
    ]
  },
  "text_o1-preview_analogy": {
    "0": [
      0.4943780531121584,
      0.00548677795624287
    ],
    "1": [
      0.4845376881073727,
      0.006658498143061643
    ],
    "2": [
      0.3582128519688046,
      0.051932209942403953
    ],
    "3": [
      0.5724646600071959,
      0.0009472718129241707
    ]
  },
  "text_o1-preview": {
    "0": [
      0.5540008696347256,
      0.0014916499063818457
    ],
    "1": [
      0.5405767822884702,
      0.002042141643944081
    ],
    "2": [
      0.23573665608548022,
      0.20981181294606477
    ],
    "3": [
      0.42748885236720785,
      0.018456606235546357
    ]
  }
}