{
  "pseudo_o1-preview_analogy": {
    "0": [
      0.6653018872675535,
      6.036637141087103e-05
    ],
    "1": [
      0.6653018872675535,
      6.036637141087103e-05
    ]
  },
  "pseudo_o1-preview": {
    "0": [
      0.7079590895250876,
      1.2076420421488177e-05
    ],
    "1": [
      0.7079590895250876,
      1.2076420421488177e-05
    ]
  },
  "text_o1-preview_analogy": {
    "0": [
      0.722924097446386,
      6.413633463877141e-06
    ],
    "1": [
      0.722924097446386,
      6.413633463877141e-06
    ]
  },
  "text_o1-preview": {
    "0": [
      0.6390051549783677,
      0.0001442455618612209
    ],
    "1": [
      0.6390051549783677,
      0.0001442455618612209
    ]
  }
}