{
  "pseudo_r1-llama": {
    "fled": 0.9918236347493151,
    "pointed at": 0.997033975127429,
    "pulled": 0.9812822817315439,
    "pushed": 0.9995551227522362,
    "walked": 0.9896412428435978,
    "hunted": 0.9193486163028975,
    "impacted": 0.7268919036369234,
    "perched": 0.9191450300180579,
    "showed": 0.9223438118656822,
    "smashed": 0.9765303789838946,
    "bombed": 0.9987276804467932,
    "flew": 0.9998253580147353,
    "floated": 0.9927498882198205,
    "lifted": 0.9995220773430664,
    "sank": 0.9979695135897221,
    "argued with": 0.999995956556815,
    "gave to": 0.9767443431718837,
    "offended": 0.9611247433714261,
    "rushed": 0.9928784770965837,
    "warned": 0.999978707818125,
    "owned": 0.8582277817696051,
    "regretted": 0.8943776522754497,
    "rested": 0.9743503094292123,
    "tempted": 0.9844024246584872,
    "wanted": 0.9186255265955926,
    "hoped": 0.8660797380688536,
    "increased": 0.9745585901773118,
    "obeyed": 0.9994837391196735,
    "respected": 0.9830066846200014,
    "succeeded": 0.9941214541530831
  },
  "text_70b_analogy": {
    "fled": 0.3758267824504232,
    "pointed at": 0.9906528304679021,
    "pulled": 0.4347094667988225,
    "pushed": 0.3125585161555142,
    "walked": 0.6920389538886181,
    "hunted": 0.6144576637462238,
    "impacted": 0.7638668877426975,
    "perched": 0.990830168044299,
    "showed": 0.3008311557497198,
    "smashed": 0.9198223678804555,
    "bombed": 0.9958216097734254,
    "flew": 0.9767443431718837,
    "floated": 0.9927498882198205,
    "lifted": 0.9995220773430664,
    "sank": 0.9979695135897221,
    "argued with": 0.9977381873096623,
    "gave to": 0.9767443431718837,
    "offended": 0.5658795631160113,
    "rushed": 0.9928784770965837,
    "warned": 0.4413673680848411,
    "owned": 0.9945436302305997,
    "regretted": 0.6477328082838537,
    "rested": 0.7197181183553434,
    "tempted": 0.8384849301008492,
    "wanted": 0.9996697168105663,
    "hoped": 0.8435477721850473,
    "increased": 0.9745585901773118,
    "obeyed": 0.9993258146763161,
    "respected": 0.797133013795191,
    "succeeded": 0.9769296510654483
  },
  "text_r1-llama_analogy": {
    "fled": 0.9918236347493151,
    "pointed at": 0.997033975127429,
    "pulled": 0.9975906728298078,
    "pushed": 0.997033975127429,
    "walked": 0.9985780142663436,
    "hunted": 0.9355710087799437,
    "impacted": 0.6224648880626333,
    "perched": 0.990830168044299,
    "showed": 0.9508937925439952,
    "smashed": 0.9198223678804555,
    "bombed": 0.9958216097734254,
    "flew": 0.9767443431718837,
    "floated": 0.9927498882198205,
    "lifted": 0.9995220773430664,
    "sank": 0.9979695135897221,
    "argued with": 0.9477801918426285,
    "gave to": 0.9767443431718837,
    "offended": 0.8748602724711718,
    "rushed": 0.9362706713006781,
    "warned": 0.7960675853354253,
    "owned": 0.8184833757958456,
    "regretted": 0.7892842126639253,
    "rested": 0.7197181183553434,
    "tempted": 0.9307830035896911,
    "wanted": 0.9996697168105663,
    "hoped": 0.8435477721850473,
    "increased": 0.9745585901773118,
    "obeyed": 0.9380335337389197,
    "respected": 0.797133013795191,
    "succeeded": 0.9865850829728697
  },
  "text_70b": {
    "fled": 0.9916448335001766,
    "pointed at": 0.8776977233425604,
    "pulled": 0.7915634513231717,
    "pushed": 0.8776977233425604,
    "walked": 0.5709872814389338,
    "hunted": 0.9982438725190711,
    "impacted": 0.9152918305816985,
    "perched": 0.7961621941231025,
    "showed": 0.9875307960247818,
    "smashed": 0.6630751059891482,
    "bombed": 0.768725123496608,
    "flew": 0.9921445802161726,
    "floated": 0.979815314969474,
    "lifted": 0.9995220773430664,
    "sank": 0.9979695135897221,
    "argued with": 0.9566114484391793,
    "gave to": 0.9848096376965363,
    "offended": 0.9905134428191731,
    "rushed": 0.9613017653322327,
    "warned": 0.94659951157795,
    "owned": 0.6929371043674367,
    "regretted": 0.9636248808700777,
    "rested": 0.9656204410520466,
    "tempted": 0.9960064650104373,
    "wanted": 0.9992502945893146,
    "hoped": 0.9908587593796105,
    "increased": 0.996460960779831,
    "obeyed": 0.9083338377029151,
    "respected": 0.6038037415566384,
    "succeeded": 0.9509911845540937
  },
  "text_70b_refl_analogy": {
    "fled": 0.7915634513231717,
    "pointed at": 0.9997708723193598,
    "pulled": 0.9657074106142696,
    "pushed": 0.9131175814851088,
    "walked": 0.6322701038991783,
    "hunted": 0.663977238987782,
    "impacted": 0.980726385129632,
    "perched": 0.9676432820880786,
    "showed": 0.6955690722142509,
    "smashed": 0.9660622458324237,
    "bombed": 0.9958216097734254,
    "flew": 0.9478630076288561,
    "floated": 0.9927498882198205,
    "lifted": 0.9995220773430664,
    "sank": 0.9979695135897221,
    "argued with": 0.9727619035448676,
    "gave to": 0.9972493383832294,
    "offended": 0.9645562687729378,
    "rushed": 0.9795999367964635,
    "warned": 0.9965327626889817,
    "owned": 0.9764962742611454,
    "regretted": 0.9922916086756489,
    "rested": 0.9023308699564502,
    "tempted": 0.9844024246584872,
    "wanted": 0.9702896672865476,
    "hoped": 0.9700911154893812,
    "increased": 0.9908483180613191,
    "obeyed": 0.8704628009336968,
    "respected": 0.8745121674192506,
    "succeeded": 0.9769296510654483
  },
  "pseudo_70b_inst_analogy": {
    "fled": 0.9918236347493151,
    "pointed at": 0.9927498882198205,
    "pulled": 0.9918236347493151,
    "pushed": 0.9927498882198205,
    "walked": 0.9896412428435978,
    "hunted": 0.9193486163028975,
    "impacted": 0.6558734245855949,
    "perched": 0.990830168044299,
    "showed": 0.9988366601134557,
    "smashed": 0.9198223678804555,
    "bombed": 0.9958216097734254,
    "flew": 0.9767443431718837,
    "floated": 0.9927498882198205,
    "lifted": 0.9995220773430664,
    "sank": 0.9979695135897221,
    "argued with": 0.9833572277981605,
    "gave to": 0.9767443431718837,
    "offended": 0.8244879138275054,
    "rushed": 0.9999920458972854,
    "warned": 0.5638325330762901,
    "owned": 0.6929371043674367,
    "regretted": 0.8152109269595635,
    "rested": 0.7197181183553434,
    "tempted": 0.9600578177208569,
    "wanted": 0.9951377577608618,
    "hoped": 0.8435477721850473,
    "increased": 0.9745585901773118,
    "obeyed": 0.9826527929116877,
    "respected": 0.9245510467589053,
    "succeeded": 0.9535826651341416
  },
  "text_70b_refl": {
    "fled": 0.7915634513231717,
    "pointed at": 0.9997708723193598,
    "pulled": 0.9657074106142696,
    "pushed": 0.9131175814851088,
    "walked": 0.6322701038991783,
    "hunted": 0.663977238987782,
    "impacted": 0.980726385129632,
    "perched": 0.9676432820880786,
    "showed": 0.6955690722142509,
    "smashed": 0.9660622458324237,
    "bombed": 0.9958216097734254,
    "flew": 0.9478630076288561,
    "floated": 0.9927498882198205,
    "lifted": 0.9995220773430664,
    "sank": 0.9979695135897221,
    "argued with": 0.9727619035448676,
    "gave to": 0.9972493383832294,
    "offended": 0.9645562687729378,
    "rushed": 0.9795999367964635,
    "warned": 0.9965327626889817,
    "owned": 0.9764962742611454,
    "regretted": 0.9922916086756489,
    "rested": 0.9023308699564502,
    "tempted": 0.9844024246584872,
    "wanted": 0.9702896672865476,
    "hoped": 0.9700911154893812,
    "increased": 0.9908483180613191,
    "obeyed": 0.8704628009336968,
    "respected": 0.8745121674192506,
    "succeeded": 0.9769296510654483
  },
  "pseudo_70b_analogy": {
    "fled": 0.9812822817315439,
    "pointed at": 0.9927498882198205,
    "pulled": 0.7380811879441268,
    "pushed": 0.9927498882198205,
    "walked": 0.6322701038991783,
    "hunted": 0.663977238987782,
    "impacted": 0.7638668877426975,
    "perched": 0.990830168044299,
    "showed": 0.9988366601134557,
    "smashed": 0.9359961478940418,
    "bombed": 0.9958216097734254,
    "flew": 0.9972493383832294,
    "floated": 0.9927498882198205,
    "lifted": 0.9995220773430664,