{
  "pseudo_r1-llama": {
    "fled": 0.9947538212772843,
    "pointed at": 0.9985045658504829,
    "pulled": 0.9742208268996331,
    "pushed": 0.9990370336528326,
    "walked": 0.9247643065109502,
    "hunted": 0.8602786929589511,
    "impacted": 0.7125030971307212,
    "perched": 0.16881207944095014,
    "showed": 0.8702951285501997,
    "smashed": 0.8868911367681028,
    "bombed": 0.9953405487448432,
    "flew": 0.6243973159820814,
    "floated": 0.5004452036271663,
    "lifted": 0.993628435465416,
    "sank": 0.9537249806154602,
    "argued with": 0.8483175619764791,
    "gave to": 0.9876599359978278,
    "offended": 0.620037097770184,
    "rushed": 0.9077561313420076,
    "warned": 0.7107159565337771,
    "owned": 0.7783690109739891,
    "regretted": 0.8395896416816029,
    "rested": 0.9666831332260627,
    "tempted": 0.9767407111770356,
    "wanted": 0.8668934638220994,
    "hoped": 0.8067231788820207,
    "increased": 0.9798950013921203,
    "obeyed": 0.21919693434206106,
    "respected": 0.9718737106756938,
    "succeeded": 0.7422994298209068
  },
  "text_70b_analogy": {
    "fled": 0.2835545511717042,
    "pointed at": 0.9836193518571481,
    "pulled": 0.40698442225867165,
    "pushed": 0.2630675869576351,
    "walked": 0.8511244319200796,
    "hunted": 0.5158055534912896,
    "impacted": 0.7195815062287699,
    "perched": 0.15501340385653287,
    "showed": 0.21765947606204628,
    "smashed": 0.9168847249171459,
    "bombed": 0.9953971353008849,
    "flew": 0.6267874230324817,
    "floated": 0.5004452036271663,
    "lifted": 0.993628435465416,
    "sank": 0.9537249806154602,
    "argued with": 0.47098382692190477,
    "gave to": 0.9849318185181165,
    "offended": 0.5891480944958388,
    "rushed": 0.9403354290770564,
    "warned": 0.34132436554158213,
    "owned": 0.7484891366284923,
    "regretted": 0.49636328284155173,
    "rested": 0.6423687395005079,
    "tempted": 0.6072043063100624,
    "wanted": 0.961347249618776,
    "hoped": 0.7837445598215508,
    "increased": 0.9798950013921203,
    "obeyed": 0.18581362763206838,
    "respected": 0.7604101869704686,
    "succeeded": 0.7284908482379465
  },
  "text_r1-llama_analogy": {
    "fled": 0.9947538212772843,
    "pointed at": 0.9985045658504829,
    "pulled": 0.4091119399132063,
    "pushed": 0.9983494047530106,
    "walked": 0.935645676709346,
    "hunted": 0.9613417801647792,
    "impacted": 0.5714770833912031,
    "perched": 0.15501340385653287,
    "showed": 0.9658561060931923,
    "smashed": 0.9168847249171459,
    "bombed": 0.9953971353008849,
    "flew": 0.6267874230324817,
    "floated": 0.5004452036271663,
    "lifted": 0.993628435465416,
    "sank": 0.9537249806154602,
    "argued with": 0.27547161444980367,
    "gave to": 0.9876599359978278,
    "offended": 0.7314133536494041,
    "rushed": 0.8286808616784919,
    "warned": 0.4843371664350665,
    "owned": 0.6732851702780733,
    "regretted": 0.7670554301345719,
    "rested": 0.6423687395005079,
    "tempted": 0.5763334713370548,
    "wanted": 0.961347249618776,
    "hoped": 0.7837445598215508,
    "increased": 0.9798950013921203,
    "obeyed": 0.12128520460794166,
    "respected": 0.8581257823662447,
    "succeeded": 0.7361661815523539
  },
  "text_70b": {
    "fled": 0.9622638394500359,
    "pointed at": 0.8637179130772406,
    "pulled": 0.6495939228525709,
    "pushed": 0.7637301340331489,
    "walked": 0.4823659981190356,
    "hunted": 0.6481833173840831,
    "impacted": 0.7410229560436329,
    "perched": 0.49454772846916384,
    "showed": 0.9147133865626944,
    "smashed": 0.947956803324134,
    "bombed": 0.8021734867234371,
    "flew": 0.628728986387711,
    "floated": 0.7203476041564181,
    "lifted": 0.993628435465416,
    "sank": 0.9537249806154602,
    "argued with": 0.7407146060187544,
    "gave to": 0.8154627442785543,
    "offended": 0.8538411355384992,
    "rushed": 0.8941068237141158,
    "warned": 0.7563493164492254,
    "owned": 0.4801956351352274,
    "regretted": 0.9287453016227794,
    "rested": 0.921497358432696,
    "tempted": 0.9563462756596789,
    "wanted": 0.7225219498171169,
    "hoped": 0.9566481525972456,
    "increased": 0.986978268645377,
    "obeyed": 0.3813873632430708,
    "respected": 0.31441624876326346,
    "succeeded": 0.7138373382247857
  },
  "text_70b_refl_analogy": {
    "fled": 0.6291835613088713,
    "pointed at": 0.9956425490800208,
    "pulled": 0.9632824837995255,
    "pushed": 0.9010076966328446,
    "walked": 0.6663493727448452,
    "hunted": 0.4998680290613974,
    "impacted": 0.8262634636849493,
    "perched": 0.16989709501473313,
    "showed": 0.5900476588517456,
    "smashed": 0.9526463435321915,
    "bombed": 0.9962927851846556,
    "flew": 0.5901687771935104,
    "floated": 0.5004452036271663,
    "lifted": 0.993628435465416,
    "sank": 0.9537249806154602,
    "argued with": 0.3020116864741246,
    "gave to": 0.9578433469338581,
    "offended": 0.7450683565115057,
    "rushed": 0.9271771845021919,
    "warned": 0.6133023442835942,
    "owned": 0.7182034995752606,
    "regretted": 0.8875967982896797,
    "rested": 0.8129455517155001,
    "tempted": 0.9222018840306492,
    "wanted": 0.9234461866117704,
    "hoped": 0.9161975668864359,
    "increased": 0.9867101903721099,
    "obeyed": 0.19314598769446428,
    "respected": 0.8842208832157028,
    "succeeded": 0.7284908482379465
  },
  "pseudo_70b_inst_analogy": {
    "fled": 0.990166337722643,
    "pointed at": 0.9959526344048992,
    "pulled": 0.979587635661677,
    "pushed": 0.9957503836635712,
    "walked": 0.9247643065109502,
    "hunted": 0.9492989215679288,
    "impacted": 0.5729449807800713,
    "perched": 0.15501340385653287,
    "showed": 0.979792481175658,
    "smashed": 0.9168847249171459,
    "bombed": 0.9953971353008849,
    "flew": 0.6267874230324817,
    "floated": 0.5004452036271663,
    "lifted": 0.993628435465416,
    "sank": 0.9537249806154602,
    "argued with": 0.21848362751533307,
    "gave to": 0.9876599359978278,
    "offended": 0.45719378941948374,
    "rushed": 0.9084799154700455,
    "warned": 0.40580564757407517,
    "owned": 0.4309391887996127,
    "regretted": 0.7856960619118843,
    "rested": 0.6423687395005079,
    "tempted": 0.48321507401779434,
    "wanted": 0.9625050794462573,
    "hoped": 0.7837445598215508,
    "increased": 0.9798950013921203,
    "obeyed": 0.1352387539867641,
    "respected": 0.8882162426211212,
    "succeeded": 0.7102408564865822
  },
  "text_70b_refl": {
    "fled": 0.6291835613088713,
    "pointed at": 0.9956425490800208,
    "pulled": 0.9632824837995255,
    "pushed": 0.9010076966328446,
    "walked": 0.6663493727448452,
    "hunted": 0.4998680290613974,
    "impacted": 0.8262634636849493,
    "perched": 0.16989709501473313,
    "showed": 0.5900476588517456,
    "smashed": 0.9526463435321915,
    "bombed": 0.9962927851846556,
    "flew": 0.5901687771935104,
    "floated": 0.5004452036271663,
    "lifted": 0.993628435465416,
    "sank": 0.9537249806154602,
    "argued with": 0.3020116864741246,
    "gave to": 0.9578433469338581,
    "offended": 0.7450683565115057,
    "rushed": 0.9271771845021919,
    "warned": 0.6133023442835942,
    "owned": 0.7182034995752606,
    "regretted": 0.8875967982896797,
    "rested": 0.8129455517155001,
    "tempted": 0.9222018840306492,
    "wanted": 0.9234461866117704,
    "hoped": 0.9161975668864359,
    "increased": 0.9867101903721099,
    "obeyed": 0.19314598769446428,
    "respected": 0.8842208832157028,
    "succeeded": 0.7284908482379465
  },
  "pseudo_70b_analogy": {
    "fled": 0.9711510197979314,
    "pointed at": 0.9959526344048992,
    "pulled": 0.33723720769836196,
    "pushed": 0.9957503836635712,
    "walked": 0.6766676007885821,
    "hunted": 0.6476513846109815,
    "impacted": 0.7195815062287699,
    "perched": 0.15501340385653287,
    "showed": 0.979792481175658,
    "smashed": 0.9332077943480708,
    "bombed": 0.9953971353008849,
    "flew": 0.6275415626825805,
    "floated": 0.5004452036271663,