{
  "pseudo_r1-llama": {
    "0": [
      0.6773996573313442,
      3.927574764147369e-05
    ],
    "1": [
      0.5788756431259936,
      0.0008040274591023474
    ],
    "2": [
      0.4297545474710877,
      0.017779292992839226
    ],
    "3": [
      0.69213521737335,
      2.263763362063233e-05
    ]
  },
  "text_70b_analogy": {
    "0": [
      0.5317421752354021,
      0.002493728894482066
    ],
    "1": [
      0.3120295708164896,
      0.09322163587870076
    ],
    "2": [
      0.4427960371009667,
      0.0142686242631101
    ],
    "3": [
      0.5576297154059086,
      0.0013671183846939543
    ]
  },
  "text_r1-llama_analogy": {
    "0": [
      0.6329032495688299,
      0.00017455728856402214
    ],
    "1": [
      0.4360579217241337,
      0.016002388582816048
    ],
    "2": [
      0.47002613790060666,
      0.008770222845948318
    ],
    "3": [
      0.6059575976647228,
      0.00038696039469894887
    ]
  },
  "text_70b": {
    "0": [
      0.44715938007205386,
      0.01323169988571157
    ],
    "1": [
      0.4679893399059683,
      0.009107560049598675
    ],
    "2": [
      0.3361821545835403,
      0.06931159149785748
    ],
    "3": [
      0.581450633097214,
      0.0007520706126109075
    ]
  },
  "text_70b_refl_analogy": {
    "0": [
      0.5244294054742685,
      0.00293039885258373
    ],
    "1": [
      0.24705488720534893,
      0.18811061872292928
    ],
    "2": [
      0.3456121174482318,
      0.06139046607020137
    ],
    "3": [
      0.5435935906549699,
      0.0019050994666126816
    ]
  },
  "pseudo_70b_inst_analogy": {
    "0": [
      0.6613450663010477,
      6.919082201304232e-05
    ],
    "1": [
      0.4853299634283486,
      0.006556889055858226
    ],
    "2": [
      0.44422423144187734,
      0.013922016994511554
    ],
    "3": [
      0.7158556281478903,
      8.690734952925624e-06
    ]
  },
  "text_70b_refl": {
    "0": [
      0.5244294054742685,
      0.00293039885258373
    ],
    "1": [
      0.24705488720534893,
      0.18811061872292928
    ],
    "2": [
      0.3456121174482318,
      0.06139046607020137
    ],
    "3": [
      0.5435935906549699,
      0.0019050994666126816
    ]
  },
  "pseudo_70b_analogy": {
    "0": [
      0.5770243690000004,
      0.0008432994136623554
    ],
    "1": [
      0.384663047722321,
      0.03582685938771899
    ],
    "2": [
      0.6050391574587363,
      0.0003971056709515208
    ],
    "3": [
      0.6070894157493689,
      0.00037477309022062737
    ]
  },
  "text_r1-llama": {
    "0": [
      0.4848049304944724,
      0.006624075977330449
    ],
    "1": [
      0.3715671810949728,
      0.043205912780139
    ],
    "2": [
      0.24624388834577765,
      0.1896113462697499
    ],
    "3": [
      0.6155060415424405,
      0.0002942730692369182
    ]
  },
  "pseudo_70b_inst": {
    "0": [
      0.7156852371656328,
      8.753650675791665e-06
    ],
    "1": [
      0.4829361890302395,
      0.0068679780801388654
    ],
    "2": [
      0.4213427407297959,
      0.020402095099014167
    ],
    "3": [
      0.6685116900810854,
      5.3961919471869154e-05
    ]
  },
  "pseudo_70b": {
    "0": [
      0.668748108244039,
      5.35151562450218e-05
    ],
    "1": [
      0.6570255871444626,
      8.012322765365318e-05
    ],
    "2": [
      0.1224289125608736,
      0.5192455883195646
    ],
    "3": [
      0.47397234897054974,
      0.00814659469227713
    ]
  },
  "text_70b_inst_analogy": {
    "0": [
      0.5721570807762392,
      0.0009546723998413973
    ],
    "1": [
      0.270693612885859,
      0.1479467675600828
    ],
    "2": [
      0.4565432335848421,
      0.011213525570560176
    ],
    "3": [
      0.567223552432238,
      0.0010804822661259993
    ]
  },
  "pseudo_r1-llama_analogy": {
    "0": [
      0.5670342969659807,
      0.001085583952726416
    ],
    "1": [
      0.6169407765601771,
      0.00028219566219277355
    ],
    "2": [
      0.6198569610391371,
      0.00025899048363084643
    ],
    "3": [
      0.6796833896704929,
      3.61343951186592e-05
    ]
  },
  "pseudo_70b_refl_analogy": {
    "0": [
      0.5471677437959966,
      0.001753122536662241
    ],
    "1": [
      0.3922730987413452,
      0.03202890236783092
    ],
    "2": [
      0.4056592092597102,
      0.026142749422696218
    ],
    "3": [
      0.6070469815248977,
      0.00037522383206862157
    ]
  },
  "pseudo_70b_refl": {
    "0": [
      0.5471677437959966,
      0.001753122536662241
    ],
    "1": [
      0.3922730987413452,
      0.03202890236783092
    ],
    "2": [
      0.4056592092597102,
      0.026142749422696218
    ],
    "3": [
      0.6070469815248977,
      0.00037522383206862157
    ]
  },
  "text_70b_inst": {
    "0": [
      0.6735890700903073,
      4.506499958016347e-05
    ],
    "1": [
      0.30728950786729886,
      0.09857130658848037
    ],
    "2": [
      0.35691729604661543,
      0.05284794135358331
    ],
    "3": [
      0.583708936337671,
      0.0007089510970018974
    ]
  }
}