{
  "pseudo_r1-llama": {
    "0": [
      0.8529998967250211,
      2.1427270043237678e-09
    ],
    "1": [
      0.8529998967250211,
      2.1427270043237678e-09
    ]
  },
  "text_70b_analogy": {
    "0": [
      0.7309128076706661,
      4.49893757969661e-06
    ],
    "1": [
      0.7309128076706661,
      4.49893757969661e-06
    ]
  },
  "text_r1-llama_analogy": {
    "0": [
      0.7867008001481768,
      2.539364156058375e-07
    ],
    "1": [
      0.7867008001481768,
      2.539364156058375e-07
    ]
  },
  "text_70b": {
    "0": [
      0.4126562061221363,
      0.02343714034108603
    ],
    "1": [
      0.4126562061221363,
      0.02343714034108603
    ]
  },
  "text_70b_refl_analogy": {
    "0": [
      0.806992109162042,
      7.17131004978216e-08
    ],
    "1": [
      0.806992109162042,
      7.17131004978216e-08
    ]
  },
  "pseudo_70b_inst_analogy": {
    "0": [
      0.8611592643364245,
      1.015527977322092e-09
    ],
    "1": [
      0.8611592643364245,
      1.015527977322092e-09
    ]
  },
  "text_70b_refl": {
    "0": [
      0.806992109162042,
      7.17131004978216e-08
    ],
    "1": [
      0.806992109162042,
      7.17131004978216e-08
    ]
  },
  "pseudo_70b_analogy": {
    "0": [
      0.7610117514831043,
      1.0496668638006552e-06
    ],
    "1": [
      0.7610117514831043,
      1.0496668638006552e-06
    ]
  },
  "text_r1-llama": {
    "0": [
      0.7600775465689353,
      1.1016001958951515e-06
    ],
    "1": [
      0.7600775465689353,
      1.1016001958951515e-06
    ]
  },
  "pseudo_70b_inst": {
    "0": [
      0.887075103134968,
      6.64946613847036e-11
    ],
    "1": [
      0.887075103134968,
      6.64946613847036e-11
    ]
  },
  "pseudo_70b": {
    "0": [
      0.8069446209331284,
      7.193787957135717e-08
    ],
    "1": [
      0.8069446209331284,
      7.193787957135717e-08
    ]
  },
  "text_70b_inst_analogy": {
    "0": [
      0.6850394453621454,
      2.9632002285086115e-05
    ],
    "1": [
      0.6850394453621454,
      2.9632002285086115e-05
    ]
  },
  "pseudo_r1-llama_analogy": {
    "0": [
      0.8731125458086342,
      3.109999337942498e-10
    ],
    "1": [
      0.8731125458086342,
      3.109999337942498e-10
    ]
  },
  "pseudo_70b_refl_analogy": {
    "0": [
      0.7611101879504277,
      1.0443261661632118e-06
    ],
    "1": [
      0.7611101879504277,
      1.0443261661632118e-06
    ]
  },
  "pseudo_70b_refl": {
    "0": [
      0.7611101879504277,
      1.0443261661632118e-06
    ],
    "1": [
      0.7611101879504277,
      1.0443261661632118e-06
    ]
  },
  "text_70b_inst": {
    "0": [
      0.7214790489272145,
      6.829692827694497e-06
    ],
    "1": [
      0.7214790489272145,
      6.829692827694497e-06
    ]
  }
}