{
  "pseudo_o1": 0.46082433648223114,
  "text_o1": 0.3496296296296296,
  "pseudo_70b_inst": 0.42256778309409887,
  "text_70b_inst": 0.32941176470588235
}