{
  "pseudo_o1": 0.696969696969697,
  "text_o1": 0.6703296703296703,
  "pseudo_70b_inst": 0.6651785714285715,
  "text_70b_inst": 0.6703296703296703
}