{
  "pseudo_o1": {
    "fled": 0.9670745372626464,
    "pointed at": 0.9890151381026614,
    "pulled": 0.9990561583550596,
    "pushed": 1.0,
    "walked": 0.42640143271122083,
    "hunted": 0.9007495174861508,
    "impacted": 0.8087360843031886,
    "perched": 0.0,
    "showed": 0.6575201605867645,
    "smashed": 0.973417168333576,
    "bombed": 1.0,
    "flew": 0.6396021490668313,
    "floated": 0.9899494936611665,
    "lifted": 0.9899494936611665,
    "sank": 1.0,
    "argued with": 0.16222142113076254,
    "gave to": 0.9899494936611665,
    "offended": 0.16222142113076254,
    "rushed": 0.8574929257125441,
    "warned": 0.3110855084191277,
    "owned": 0.7117546798024046,
    "regretted": 0.47140452079103173,
    "rested": 0.47140452079103173,
    "tempted": 0.30000000000000004,
    "wanted": 0.9486832980505138,
    "hoped": 0.5883484054145521,
    "increased": 1.0,
    "obeyed": 0.0,
    "respected": 0.47140452079103173,
    "succeeded": 0.5883484054145521
  },
  "text_o1": {
    "fled": 1.0,
    "pointed at": 0.9399125399855487,
    "pulled": 0.0,
    "pushed": 0.14815943949743843,
    "walked": 0.5258222401279411,
    "hunted": 0.7064393843590439,
    "impacted": 0.31622776601683794,
    "perched": 0.0,
    "showed": 0.4545361016620998,
    "smashed": 0.9447872516178827,
    "bombed": 1.0,
    "flew": 0.6396021490668313,
    "floated": 0.9899494936611665,
    "lifted": 0.9899494936611665,
    "sank": 1.0,
    "argued with": 0.42488388506681884,
    "gave to": 0.9497233925164703,
    "offended": 0.1620683097977979,
    "rushed": 0.8402513962877927,
    "warned": 0.6403943994732001,
    "owned": 0.38729833462074165,
    "regretted": 0.7666666666666666,
    "rested": 0.47140452079103173,
    "tempted": 0.32357511446471704,
    "wanted": 0.49236596391733084,
    "hoped": 0.5883484054145521,
    "increased": 1.0,
    "obeyed": 0.0,
    "respected": 0.47140452079103173,
    "succeeded": 0.5963118382339874
  },
  "pseudo_70b_inst": {
    "fled": 0.9805806756909202,
    "pointed at": 0.9951580892710009,
    "pulled": 1.0,
    "pushed": 1.0,
    "walked": 0.42640143271122083,
    "hunted": 0.7533990064322369,
    "impacted": 0.447213595499958,
    "perched": 0.0,
    "showed": 0.6934760925288562,
    "smashed": 0.9486832980505138,
    "bombed": 1.0,
    "flew": 0.6396021490668313,
    "floated": 0.9899494936611665,
    "lifted": 0.9899494936611665,
    "sank": 1.0,
    "argued with": 0.29737735713006086,
    "gave to": 0.9899494936611665,
    "offended": 0.16222142113076254,
    "rushed": 0.8790318556967283,
    "warned": 0.6729773775727069,
    "owned": 0.6515837655350015,
    "regretted": 0.5334869997204,
    "rested": 0.491436093467161,
    "tempted": 0.5845778529416512,
    "wanted": 0.5812381937190965,
    "hoped": 0.7686177310086496,
    "increased": 1.0,
    "obeyed": 0.0,
    "respected": 0.491436093467161,
    "succeeded": 0.610170215847752
  },
  "text_70b_inst": {
    "fled": 0.5520524474738834,
    "pointed at": 0.9890151381026614,
    "pulled": 0.0,
    "pushed": 0.839664201465694,
    "walked": 0.5189992961076819,
    "hunted": 0.7719753531984981,
    "impacted": 0.31622776601683794,
    "perched": 0.0,
    "showed": 0.48255714780136433,
    "smashed": 0.9486832980505138,
    "bombed": 1.0,
    "flew": 0.6396021490668313,
    "floated": 0.9899494936611665,
    "lifted": 0.9899494936611665,
    "sank": 1.0,
    "argued with": 0.2487660549289023,
    "gave to": 0.9725923240890838,
    "offended": 0.16222142113076254,
    "rushed": 0.4411764705882352,
    "warned": 0.696011662569123,
    "owned": 0.2369749196150075,
    "regretted": 0.74688179960856,
    "rested": 0.47140452079103173,
    "tempted": 0.23570226039551587,
    "wanted": 0.19611613513818402,
    "hoped": 0.5883484054145521,
    "increased": 1.0,
    "obeyed": 0.12126781251816646,
    "respected": 0.47140452079103173,
    "succeeded": 0.5883484054145521
  }
}