{
  "pseudo_o1": {
    "fled": 1.0,
    "pointed at": 0.9899494936611665,
    "pulled": 0.9990561583550596,
    "pushed": 1.0,
    "walked": 0.9486832980505138,
    "hunted": 0.8944271909999157,
    "impacted": 0.8087360843031886,
    "perched": 0.9899494936611665,
    "showed": 0.5512572654369313,
    "smashed": 0.973417168333576,
    "bombed": 1.0,
    "flew": 0.8574929257125441,
    "floated": 0.9899494936611665,
    "lifted": 1.0,
    "sank": 1.0,
    "argued with": 0.9899494936611665,
    "gave to": 0.9899494936611665,
    "offended": 0.1414213562373095,
    "rushed": 0.8574929257125441,
    "warned": 0.9999999999999998,
    "owned": 0.6536198703460925,
    "regretted": 0.7071067811865475,
    "rested": 0.7071067811865475,
    "tempted": 0.7999999999999998,
    "wanted": 0.9486832980505138,
    "hoped": 0.7071067811865475,
    "increased": 1.0,
    "obeyed": 0.6305926250944656,
    "respected": 0.5144957554275265,
    "succeeded": 0.5144957554275265
  },
  "text_o1": {
    "fled": 1.0,
    "pointed at": 0.9692307692307692,
    "pulled": 0.0,
    "pushed": 0.1414213562373095,
    "walked": 0.9899494936611666,
    "hunted": 0.7371541402007414,
    "impacted": 0.31622776601683794,
    "perched": 0.9899494936611665,
    "showed": 0.8790318556967283,
    "smashed": 0.9486832980505138,
    "bombed": 1.0,
    "flew": 0.8574929257125441,
    "floated": 0.9899494936611665,
    "lifted": 1.0,
    "sank": 1.0,
    "argued with": 0.9951580892710009,
    "gave to": 0.9999999999999999,
    "offended": 0.1414213562373095,
    "rushed": 0.8436614877321074,
    "warned": 0.8637789008984333,
    "owned": 0.447213595499958,
    "regretted": 0.7999999999999998,
    "rested": 0.7071067811865475,
    "tempted": 0.8320502943378436,
    "wanted": 0.5812381937190965,
    "hoped": 0.7071067811865475,
    "increased": 1.0,
    "obeyed": 0.986932880775682,
    "respected": 0.5144957554275265,
    "succeeded": 0.5512572654369313
  },
  "pseudo_70b_inst": {
    "fled": 1.0,
    "pointed at": 0.9951580892710009,
    "pulled": 1.0,
    "pushed": 1.0,
    "walked": 0.9486832980505138,
    "hunted": 0.7682212795973759,
    "impacted": 0.447213595499958,
    "perched": 0.9899494936611665,
    "showed": 0.6305926250944656,
    "smashed": 0.9486832980505138,
    "bombed": 1.0,
    "flew": 0.8574929257125441,
    "floated": 0.9899494936611665,
    "lifted": 1.0,
    "sank": 1.0,
    "argued with": 0.9984603532054124,
    "gave to": 0.9899494936611665,
    "offended": 0.1414213562373095,
    "rushed": 0.8790318556967283,
    "warned": 0.9230769230769231,
    "owned": 0.9557790087219502,
    "regretted": 0.7682212795973759,
    "rested": 0.7071067811865475,
    "tempted": 0.8944271909999157,
    "wanted": 0.5812381937190965,
    "hoped": 0.8637789008984333,
    "increased": 1.0,
    "obeyed": 0.6305926250944656,
    "respected": 0.5512572654369313,
    "succeeded": 0.6305926250944656
  },
  "text_70b_inst": {
    "fled": 0.4472135954999579,
    "pointed at": 0.9951580892710009,
    "pulled": 0.09053574604251853,
    "pushed": 0.813733471206735,
    "walked": 0.9557790087219502,
    "hunted": 0.7999999999999998,
    "impacted": 0.31622776601683794,
    "perched": 0.9899494936611665,
    "showed": 0.9005516363645785,
    "smashed": 0.9486832980505138,
    "bombed": 1.0,
    "flew": 0.8574929257125441,
    "floated": 0.9899494936611665,
    "lifted": 1.0,
    "sank": 1.0,
    "argued with": 0.388700505404295,
    "gave to": 0.9986876634765887,
    "offended": 0.1414213562373095,
    "rushed": 0.5144957554275265,
    "warned": 0.9230769230769231,
    "owned": 0.9976303284229832,
    "regretted": 0.7682212795973759,
    "rested": 0.7071067811865475,
    "tempted": 0.7071067811865475,
    "wanted": 0.19611613513818402,
    "hoped": 0.7071067811865475,
    "increased": 1.0,
    "obeyed": 0.9970544855015814,
    "respected": 0.5144957554275265,
    "succeeded": 0.5144957554275265
  }
}