{
  "pseudo_o1": {
    "0": [
      0.5769359643565396,
      0.0008452160861240043
    ],
    "1": [
      0.3930443540840337,
      0.03166292933817946
    ],
    "2": [
      0.353173837805731,
      0.055565706659269375
    ],
    "3": [
      0.497943377002382,
      0.005108065954412783
    ]
  },
  "text_o1": {
    "0": [
      0.49440964069160653,
      0.005483320433075727
    ],
    "1": [
      0.44538506865947863,
      0.013645493623490223
    ],
    "2": [
      0.10227696893512017,
      0.590712189125286
    ],
    "3": [
      0.4371030116222397,
      0.015722552953315632
    ]
  },
  "pseudo_70b_inst": {
    "0": [
      0.6565478841258592,
      8.142220701902804e-05
    ],
    "1": [
      0.5217328883040935,
      0.003107271736981863
    ],
    "2": [
      0.43896455669141454,
      0.015234174874396935
    ],
    "3": [
      0.5565775790252042,
      0.0014022563691976871
    ]
  },
  "text_70b_inst": {
    "0": [
      0.4763370787358636,
      0.007791176614759249
    ],
    "1": [
      0.40170374184134,
      0.027781759704872774
    ],
    "2": [
      0.16954018067671828,
      0.3704342469976739
    ],
    "3": [
      0.37023817779893087,
      0.044017974508975564
    ]
  }
}