{
  "pseudo_o1": {
    "0": [
      0.6481065880950104,
      0.00010769445515050637
    ],
    "1": [
      0.6481065880950104,
      0.00010769445515050637
    ]
  },
  "text_o1": {
    "0": [
      0.5947360103845848,
      0.0005280586695758756
    ],
    "1": [
      0.5947360103845848,
      0.0005280586695758756
    ]
  },
  "pseudo_70b_inst": {
    "0": [
      0.7033136149941999,
      1.4583403176834541e-05
    ],
    "1": [
      0.7033136149941999,
      1.4583403176834541e-05
    ]
  },
  "text_70b_inst": {
    "0": [
      0.6207181566320059,
      0.00025246876541995213
    ],
    "1": [
      0.6207181566320059,
      0.00025246876541995213
    ]
  }
}