{
  "pseudo_o1-preview_analogy": 0.6665023865023865,
  "pseudo_o1-preview": 0.6414718614718615,
  "text_o1-preview_analogy": 0.4877063983488132,
  "text_o1-preview": 0.3497222222222222
}