{
  "pseudo_o1-preview_analogy": 0.900333704115684,
  "pseudo_o1-preview": 0.8,
  "text_o1-preview_analogy": 0.6435185185185186,
  "text_o1-preview": 0.554066985645933
}