{
  "pseudo_o1-preview_analogy": {
    "fled": 0.9918236347493151,
    "pointed at": 0.9927498882198205,
    "pulled": 0.9964308009144599,
    "pushed": 0.9927498882198205,
    "walked": 0.9896412428435978,
    "hunted": 0.9892074801139483,
    "impacted": 0.8011485455677595,
    "perched": 0.990830168044299,
    "showed": 0.9536774170180857,
    "smashed": 0.978903277717842,
    "bombed": 0.9958216097734254,
    "flew": 0.9767443431718837,
    "floated": 0.9927498882198205,
    "lifted": 0.9995220773430664,
    "sank": 0.9979695135897221,
    "argued with": 0.9727619035448676,
    "gave to": 0.9767443431718837,
    "offended": 0.9094332542428325,
    "rushed": 0.9660517982120552,
    "warned": 0.9701045701333064,
    "owned": 0.9842789766862692,
    "regretted": 0.7892842126639253,
    "rested": 0.7197181183553434,
    "tempted": 0.6411516271855137,
    "wanted": 0.9881421963355416,
    "hoped": 0.8435477721850473,
    "increased": 0.9745585901773118,
    "obeyed": 0.9826527929116877,
    "respected": 0.797133013795191,
    "succeeded": 0.9535826651341416
  },
  "pseudo_o1-preview": {
    "fled": 0.9918236347493151,
    "pointed at": 0.9927498882198205,
    "pulled": 0.9918236347493151,
    "pushed": 0.9927498882198205,
    "walked": 0.9896412428435978,
    "hunted": 0.9892074801139483,
    "impacted": 0.6907661490548681,
    "perched": 0.990830168044299,
    "showed": 0.965844566937666,
    "smashed": 0.9359961478940418,
    "bombed": 0.9958216097734254,
    "flew": 0.9767443431718837,
    "floated": 0.9927498882198205,
    "lifted": 0.9995220773430664,
    "sank": 0.9979695135897221,
    "argued with": 0.9477801918426285,
    "gave to": 0.9767443431718837,
    "offended": 0.6382012409675609,
    "rushed": 0.9660517982120552,
    "warned": 0.7960675853354253,
    "owned": 0.927776374024031,
    "regretted": 0.7892842126639253,
    "rested": 0.7197181183553434,
    "tempted": 0.5904135597556467,
    "wanted": 0.9996697168105663,
    "hoped": 0.8435477721850473,
    "increased": 0.9745585901773118,
    "obeyed": 0.6775981933906043,
    "respected": 0.797133013795191,
    "succeeded": 0.9535826651341416
  },
  "text_o1-preview_analogy": {
    "fled": 0.9918236347493151,
    "pointed at": 0.9997708723193598,
    "pulled": 0.21688753319335408,
    "pushed": 0.835492884340141,
    "walked": 0.9999976601002988,
    "hunted": 0.39344392446948223,
    "impacted": 0.6224648880626333,
    "perched": 0.990830168044299,
    "showed": 0.38593760073860817,
    "smashed": 0.9198223678804555,
    "bombed": 0.9958216097734254,
    "flew": 0.9767443431718837,
    "floated": 0.9927498882198205,
    "lifted": 0.9995220773430664,
    "sank": 0.9979695135897221,
    "argued with": 0.9727619035448676,
    "gave to": 0.9972493383832294,
    "offended": 0.7975664613338367,
    "rushed": 0.9795999367964635,
    "warned": 0.5207948874922838,
    "owned": 0.8654700935301411,
    "regretted": 0.7568953978596427,
    "rested": 0.7197181183553434,
    "tempted": 0.6411516271855137,
    "wanted": 0.5792423391684018,
    "hoped": 0.8435477721850473,
    "increased": 0.9745585901773118,
    "obeyed": 0.6253932267739104,
    "respected": 0.797133013795191,
    "succeeded": 0.9535826651341416
  },
  "text_o1-preview": {
    "fled": 0.9918236347493151,
    "pointed at": 0.9995551227522362,
    "pulled": 0.12761613359076965,
    "pushed": 0.4279653099866668,
    "walked": 0.6920389538886181,
    "hunted": 0.39344392446948223,
    "impacted": 0.6224648880626333,
    "perched": 0.990830168044299,
    "showed": 0.4820207471680939,
    "smashed": 0.9198223678804555,
    "bombed": 0.9958216097734254,
    "flew": 0.9767443431718837,
    "floated": 0.9927498882198205,
    "lifted": 0.9995220773430664,
    "sank": 0.9979695135897221,
    "argued with": 0.9477801918426285,
    "gave to": 0.9851357089368927,
    "offended": 0.7165859474879755,
    "rushed": 0.6067131903054572,
    "warned": 0.749779628516781,
    "owned": 0.888146901724929,
    "regretted": 0.9021820039782318,
    "rested": 0.7197181183553434,
    "tempted": 0.7432364890240866,
    "wanted": 0.7422809085080182,
    "hoped": 0.8435477721850473,
    "increased": 0.9745585901773118,
    "obeyed": 0.9647341819870805,
    "respected": 0.9245510467589053,
    "succeeded": 0.9998740474835988
  }
}