{
  "pseudo_o1-preview_analogy": {
    "fled": 0.9947538212772843,
    "pointed at": 0.9959526344048992,
    "pulled": 0.9817104482031418,
    "pushed": 0.9957503836635712,
    "walked": 0.9247643065109502,
    "hunted": 0.990204746598934,
    "impacted": 0.7592521639947355,
    "perched": 0.517139213940627,
    "showed": 0.955872135367879,
    "smashed": 0.9766841950198069,
    "bombed": 0.9953971353008849,
    "flew": 0.6267874230324817,
    "floated": 0.5004452036271663,
    "lifted": 0.993628435465416,
    "sank": 0.9537249806154602,
    "argued with": 0.20568766788091752,
    "gave to": 0.9876599359978278,
    "offended": 0.7629239565115931,
    "rushed": 0.8933513353167681,
    "warned": 0.2081868984845714,
    "owned": 0.9576042755028166,
    "regretted": 0.7670554301345719,
    "rested": 0.6423687395005079,
    "tempted": 0.3841360867603488,
    "wanted": 0.9582170067092002,
    "hoped": 0.7837445598215508,
    "increased": 0.9798950013921203,
    "obeyed": 0.1352387539867641,
    "respected": 0.850828478530182,
    "succeeded": 0.7102408564865822
  },
  "pseudo_o1-preview": {
    "fled": 0.9896838087098436,
    "pointed at": 0.9959526344048992,
    "pulled": 0.979587635661677,
    "pushed": 0.9957503836635712,
    "walked": 0.9247643065109502,
    "hunted": 0.990204746598934,
    "impacted": 0.6426247753408192,
    "perched": 0.803814212972931,
    "showed": 0.9606401346376369,
    "smashed": 0.9332077943480708,
    "bombed": 0.9953971353008849,
    "flew": 0.6267874230324817,
    "floated": 0.5004452036271663,
    "lifted": 0.993628435465416,
    "sank": 0.9537249806154602,
    "argued with": 0.19084035472356622,
    "gave to": 0.9876599359978278,
    "offended": 0.6451742728643033,
    "rushed": 0.8933513353167681,
    "warned": 0.41580418078018533,
    "owned": 0.8818439773255183,
    "regretted": 0.7670554301345719,
    "rested": 0.6423687395005079,
    "tempted": 0.31448311453301436,
    "wanted": 0.961347249618776,
    "hoped": 0.7837445598215508,
    "increased": 0.9798950013921203,
    "obeyed": 0.1023210396025141,
    "respected": 0.8581257823662447,
    "succeeded": 0.7102408564865822
  },
  "text_o1-preview_analogy": {
    "fled": 0.990166337722643,
    "pointed at": 0.9973117814826927,
    "pulled": 0.16622252083718655,
    "pushed": 0.786454800689259,
    "walked": 0.9341914355210922,
    "hunted": 0.283551399993469,
    "impacted": 0.5714770833912031,
    "perched": 0.15501340385653287,
    "showed": 0.3513037566038649,
    "smashed": 0.9168847249171459,
    "bombed": 0.9953971353008849,
    "flew": 0.6267874230324817,
    "floated": 0.5004452036271663,
    "lifted": 0.993628435465416,
    "sank": 0.9537249806154602,
    "argued with": 0.46582137020865166,
    "gave to": 0.9587106967801611,
    "offended": 0.7901836927604722,
    "rushed": 0.9814471232056139,
    "warned": 0.35323197117987637,
    "owned": 0.9095375521391397,
    "regretted": 0.5875814949340243,
    "rested": 0.6423687395005079,
    "tempted": 0.447347775799482,
    "wanted": 0.5413768882988501,
    "hoped": 0.7837445598215508,
    "increased": 0.9798950013921203,
    "obeyed": 0.09595294372971556,
    "respected": 0.8589258145732624,
    "succeeded": 0.7102408564865822
  },
  "text_o1-preview": {
    "fled": 0.990166337722643,
    "pointed at": 0.9991407032222478,
    "pulled": 0.08047501333023249,
    "pushed": 0.39461465072434865,
    "walked": 0.6314893223687814,
    "hunted": 0.283551399993469,
    "impacted": 0.5714770833912031,
    "perched": 0.24326040552218467,
    "showed": 0.3601179960557106,
    "smashed": 0.9168847249171459,
    "bombed": 0.9953971353008849,
    "flew": 0.6267874230324817,
    "floated": 0.5004452036271663,
    "lifted": 0.993628435465416,
    "sank": 0.9537249806154602,
    "argued with": 0.32234481033634843,
    "gave to": 0.960460235124826,
    "offended": 0.6673703155728777,
    "rushed": 0.6570356181729009,
    "warned": 0.5022525536504374,
    "owned": 0.9185579390624304,
    "regretted": 0.7417793547283797,
    "rested": 0.6423687395005079,
    "tempted": 0.5421539952137818,
    "wanted": 0.689829218136403,
    "hoped": 0.7837445598215508,
    "increased": 0.9798950013921203,
    "obeyed": 0.13398363885377515,
    "respected": 0.9503086433176834,
    "succeeded": 0.7477261071649651
  }
}