{
  "pseudo_o1-preview_analogy": {
    "0": [
      0.6884159993696173,
      2.609289650117564e-05
    ],
    "1": [
      0.5166147185389803,
      0.003468375556933158
    ],
    "2": [
      0.5276541756458377,
      0.002730329491400916
    ],
    "3": [
      0.6778493880247431,
      3.863845905499959e-05
    ]
  },
  "pseudo_o1-preview": {
    "0": [
      0.6390382951877891,
      0.00014409460508526091
    ],
    "1": [
      0.5889713278753165,
      0.0006167849806932604
    ],
    "2": [
      0.45580368875248223,
      0.011362586601694574
    ],
    "3": [
      0.698464955539635,
      1.7690466236827776e-05
    ]
  },
  "text_o1-preview_analogy": {
    "0": [
      0.5794270856176759,
      0.0007926435668731248
    ],
    "1": [
      0.34268262647017683,
      0.06377133549900196
    ],
    "2": [
      0.45211557090382093,
      0.012130993973140167
    ],
    "3": [
      0.6905236997558414,
      2.408084707488212e-05
    ]
  },
  "text_o1-preview": {
    "0": [
      0.6039076491063057,
      0.0004099265851686354
    ],
    "1": [
      0.41239427753490865,
      0.023534110006094226
    ],
    "2": [
      0.3476699798038733,
      0.059759999963417826
    ],
    "3": [
      0.5921943474914492,
      0.0005656892578731567
    ]
  }
}