{
  "pseudo_o1-preview_analogy": {
    "0": [
      0.9000146991095406,
      1.3140218050340345e-11
    ],
    "1": [
      0.9000146991095406,
      1.3140218050340345e-11
    ]
  },
  "pseudo_o1-preview": {
    "0": [
      0.8946394457980837,
      2.64336667007746e-11
    ],
    "1": [
      0.8946394457980837,
      2.64336667007746e-11
    ]
  },
  "text_o1-preview_analogy": {
    "0": [
      0.8494508318925245,
      2.9242441068768677e-09
    ],
    "1": [
      0.8494508318925245,
      2.9242441068768677e-09
    ]
  },
  "text_o1-preview": {
    "0": [
      0.7081489299573425,
      1.1982775279200618e-05
    ],
    "1": [
      0.7081489299573425,
      1.1982775279200618e-05
    ]
  }
}