{
  "pseudo_r1-llama": {
    "fled": 0.995893206467704,
    "pointed at": 0.9890151381026614,
    "pulled": 0.9704949588309457,
    "pushed": 0.995893206467704,
    "walked": 0.42640143271122083,
    "hunted": 0.6324555320336758,
    "impacted": 0.46423834544262965,
    "perched": 0.07276068751089988,
    "showed": 0.7636942059001051,
    "smashed": 0.8390607775994223,
    "bombed": 0.9943788200017947,
    "flew": 0.7526178090063818,
    "floated": 0.9899494936611665,
    "lifted": 0.9899494936611665,
    "sank": 1.0,
    "argued with": 0.7800134951599101,
    "gave to": 0.9899494936611665,
    "offended": 0.20519567041703082,
    "rushed": 0.8488746876271652,
    "warned": 0.7013343843696722,
    "owned": 0.6425754631219991,
    "regretted": 0.6009252125773317,
    "rested": 0.6545146282344535,
    "tempted": 0.8189230248533258,
    "wanted": 0.7633862853691146,
    "hoped": 0.6218680598725868,
    "increased": 1.0,
    "obeyed": 0.16269784336399212,
    "respected": 0.632455532033676,
    "succeeded": 0.6153846153846154
  },
  "text_70b_analogy": {
    "fled": 0.17992804317122016,
    "pointed at": 0.9573549484957636,
    "pulled": 0.29019050004400465,
    "pushed": 0.21566554640687682,
    "walked": 0.48590331082318616,
    "hunted": 0.8637789008984333,
    "impacted": 0.4961389383568338,
    "perched": 0.0,
    "showed": 0.42640143271122083,
    "smashed": 0.9486832980505138,
    "bombed": 1.0,
    "flew": 0.6396021490668313,
    "floated": 0.9899494936611665,
    "lifted": 0.9899494936611665,
    "sank": 1.0,
    "argued with": 0.43764307401068414,
    "gave to": 0.9858839754832991,
    "offended": 0.16222142113076254,
    "rushed": 0.6958828875843199,
    "warned": 0.5753559617824611,
    "owned": 0.5450865450217847,
    "regretted": 0.7377253439645218,
    "rested": 0.47140452079103173,
    "tempted": 0.624041876170719,
    "wanted": 0.9486832980505138,
    "hoped": 0.5883484054145521,
    "increased": 1.0,
    "obeyed": 0.08710402561094446,
    "respected": 0.5254938542453881,
    "succeeded": 0.6036877005941698
  },
  "text_r1-llama_analogy": {
    "fled": 0.995893206467704,
    "pointed at": 0.9890151381026614,
    "pulled": 0.2357022603955158,
    "pushed": 0.9990561583550596,
    "walked": 0.4632862466569274,
    "hunted": 0.7377253439645217,
    "impacted": 0.31622776601683794,
    "perched": 0.0,
    "showed": 0.8935250957719058,
    "smashed": 0.9486832980505138,
    "bombed": 1.0,
    "flew": 0.6396021490668313,
    "floated": 0.9899494936611665,
    "lifted": 0.9899494936611665,
    "sank": 1.0,
    "argued with": 0.24967623556456986,
    "gave to": 0.9899494936611665,
    "offended": 0.2176428750330035,
    "rushed": 0.996815278536125,
    "warned": 0.6644105970267493,
    "owned": 0.36529750313300385,
    "regretted": 0.47140452079103173,
    "rested": 0.47140452079103173,
    "tempted": 0.5333333333333333,
    "wanted": 0.9486832980505138,
    "hoped": 0.5883484054145521,
    "increased": 1.0,
    "obeyed": 0.0,
    "respected": 0.47140452079103173,
    "succeeded": 0.610170215847752
  },
  "text_70b": {
    "fled": 0.9395523512235255,
    "pointed at": 0.8196011418647681,
    "pulled": 0.5,
    "pushed": 0.7160015557581569,
    "walked": 0.5884898863364996,
    "hunted": 0.8295613557843402,
    "impacted": 0.5217491947499509,
    "perched": 0.39000674757995496,
    "showed": 0.8012356767054675,
    "smashed": 0.9383148632568364,
    "bombed": 0.753778361444409,
    "flew": 0.6948822928339646,
    "floated": 0.9418298563227168,
    "lifted": 0.9899494936611665,
    "sank": 1.0,
    "argued with": 0.6578947368421052,
    "gave to": 0.7826421504315901,
    "offended": 0.476910483238266,
    "rushed": 0.8331499304457616,
    "warned": 0.8164965809277261,
    "owned": 0.9601587170383664,
    "regretted": 0.8474586331218779,
    "rested": 0.8122788275388333,
    "tempted": 0.7817359599705715,
    "wanted": 0.483045891539648,
    "hoped": 0.8581189091946577,
    "increased": 0.9899494936611665,
    "obeyed": 0.4311253697892245,
    "respected": 0.7858252779857413,
    "succeeded": 0.5927489783638192
  },
  "text_70b_refl_analogy": {
    "fled": 0.5246721822971031,
    "pointed at": 0.9778024140774094,
    "pulled": 0.9152086306448588,
    "pushed": 0.8808303292720551,
    "walked": 0.6050146946551489,
    "hunted": 0.8433802953476237,
    "impacted": 0.6463946835769319,
    "perched": 0.05384615384615385,
    "showed": 0.6459573079789653,
    "smashed": 0.9730354718902339,
    "bombed": 0.995893206467704,
    "flew": 0.8638508230673319,
    "floated": 0.9899494936611665,
    "lifted": 0.9899494936611665,
    "sank": 1.0,
    "argued with": 0.26568016039533304,
    "gave to": 0.9533158914080835,
    "offended": 0.22862327646334452,
    "rushed": 0.8517354866567607,
    "warned": 0.711100154985718,
    "owned": 0.3215025884391736,
    "regretted": 0.8382063038733161,
    "rested": 0.6158014854919159,
    "tempted": 0.7056503290095428,
    "wanted": 0.8574929257125441,
    "hoped": 0.8062257748298549,
    "increased": 0.995893206467704,
    "obeyed": 0.10177453643217764,
    "respected": 0.6024640760767094,
    "succeeded": 0.6036877005941698
  },
  "pseudo_70b_inst_analogy": {
    "fled": 1.0,
    "pointed at": 0.9899494936611665,
    "pulled": 1.0,
    "pushed": 1.0,
    "walked": 0.42640143271122083,
    "hunted": 0.7071067811865475,
    "impacted": 0.31592929708198475,
    "perched": 0.0,
    "showed": 0.7270592597692457,
    "smashed": 0.9486832980505138,
    "bombed": 1.0,
    "flew": 0.6396021490668313,
    "floated": 0.9899494936611665,
    "lifted": 0.9899494936611665,
    "sank": 1.0,
    "argued with": 0.18353258709644943,
    "gave to": 0.9899494936611665,
    "offended": 0.16222142113076254,
    "rushed": 0.9601952966035754,
    "warned": 0.48814781397471024,
    "owned": 0.9557698127474783,
    "regretted": 0.5016743454143935,
    "rested": 0.47140452079103173,
    "tempted": 0.49080803974276804,
    "wanted": 0.9805806756909202,
    "hoped": 0.5883484054145521,
    "increased": 1.0,
    "obeyed": 0.0,
    "respected": 0.6358372464946802,
    "succeeded": 0.5883484054145521
  },
  "text_70b_refl": {
    "fled": 0.5246721822971031,
    "pointed at": 0.9778024140774094,
    "pulled": 0.9152086306448588,
    "pushed": 0.8808303292720551,
    "walked": 0.6050146946551489,
    "hunted": 0.8433802953476237,
    "impacted": 0.6463946835769319,
    "perched": 0.05384615384615385,
    "showed": 0.6459573079789653,
    "smashed": 0.9730354718902339,
    "bombed": 0.995893206467704,
    "flew": 0.8638508230673319,
    "floated": 0.9899494936611665,
    "lifted": 0.9899494936611665,
    "sank": 1.0,
    "argued with": 0.26568016039533304,
    "gave to": 0.9533158914080835,
    "offended": 0.22862327646334452,
    "rushed": 0.8517354866567607,
    "warned": 0.711100154985718,
    "owned": 0.3215025884391736,
    "regretted": 0.8382063038733161,
    "rested": 0.6158014854919159,
    "tempted": 0.7056503290095428,
    "wanted": 0.8574929257125441,
    "hoped": 0.8062257748298549,
    "increased": 0.995893206467704,
    "obeyed": 0.10177453643217764,
    "respected": 0.6024640760767094,
    "succeeded": 0.6036877005941698
  },
  "pseudo_70b_analogy": {
    "fled": 0.9621404708847276,
    "pointed at": 0.9899494936611665,
    "pulled": 0.14509525002200233,
    "pushed": 1.0,
    "walked": 0.4765125603627739,
    "hunted": 0.8980265101338744,
    "impacted": 0.4961389383568338,
    "perched": 0.0,
    "showed": 0.7270592597692457,
    "smashed": 0.9615239476408232,
    "bombed": 1.0,
    "flew": 0.7236272269866326,
    "floated": 0.9899494936611665,
    "lifted": 0.9899494936611665,
    "sank": 1.0,
    "argued with": 0.0,
    "gave to": 0.9899494936611665,
    "offended": 0.19088542889273336,
    "rushed": 0.8574929257125441,
    "warned": 0.9955402169800052,
    "owned": 0.36382570828009064,
    "regretted": 0.7378647873726218,
    "rested": 0.4811978415199285,
    "tempted": 0.5084751798731267,
    "wanted": 0.995893206467704,