{
  "pseudo_r1-llama": {
    "fled": 1.0,
    "pointed at": 0.9951580892710009,
    "pulled": 0.9486832980505138,
    "pushed": 0.995893206467704,
    "walked": 0.9486832980505138,
    "hunted": 0.7071067811865475,
    "impacted": 0.447213595499958,
    "perched": 0.9216353751380651,
    "showed": 0.9466499060501441,
    "smashed": 0.9557790087219502,
    "bombed": 0.9899494936611665,
    "flew": 0.9417419115948374,
    "floated": 0.9899494936611665,
    "lifted": 1.0,
    "sank": 1.0,
    "argued with": 0.9838699100999073,
    "gave to": 0.9899494936611665,
    "offended": 0.9838699100999073,
    "rushed": 0.9216353751380651,
    "warned": 0.9486832980505137,
    "owned": 0.9899494936611666,
    "regretted": 0.8320502943378436,
    "rested": 0.9701425001453318,
    "tempted": 0.8320502943378436,
    "wanted": 0.7633862853691146,
    "hoped": 0.7371541402007414,
    "increased": 1.0,
    "obeyed": 0.9761870601839526,
    "respected": 0.8436614877321074,
    "succeeded": 0.6726727939963124
  },
  "text_70b_analogy": {
    "fled": 0.2544932992796438,
    "pointed at": 0.9933457360331983,
    "pulled": 0.31622776601683794,
    "pushed": 0.19611613513818402,
    "walked": 0.8087360843031886,
    "hunted": 0.8637789008984333,
    "impacted": 0.4961389383568338,
    "perched": 0.9899494936611665,
    "showed": 0.8574929257125441,
    "smashed": 0.9486832980505138,
    "bombed": 1.0,
    "flew": 0.8574929257125441,
    "floated": 0.9899494936611665,
    "lifted": 1.0,
    "sank": 1.0,
    "argued with": 0.9933457360331983,
    "gave to": 0.9899494936611665,
    "offended": 0.1414213562373095,
    "rushed": 0.9216353751380651,
    "warned": 0.7071067811865475,
    "owned": 0.7071067811865475,
    "regretted": 0.7371541402007414,
    "rested": 0.7071067811865475,
    "tempted": 0.9863939238321437,
    "wanted": 0.9486832980505138,
    "hoped": 0.7071067811865475,
    "increased": 1.0,
    "obeyed": 0.9887990866865882,
    "respected": 0.5144957554275265,
    "succeeded": 0.59001658934231
  },
  "text_r1-llama_analogy": {
    "fled": 1.0,
    "pointed at": 0.9951580892710009,
    "pulled": 0.9805806756909202,
    "pushed": 0.9990561583550596,
    "walked": 0.9922778767136677,
    "hunted": 0.7371541402007414,
    "impacted": 0.31622776601683794,
    "perched": 0.9899494936611665,
    "showed": 0.917070056253235,
    "smashed": 0.9486832980505138,
    "bombed": 1.0,
    "flew": 0.8574929257125441,
    "floated": 0.9899494936611665,
    "lifted": 1.0,
    "sank": 1.0,
    "argued with": 0.9899494936611665,
    "gave to": 0.9899494936611665,
    "offended": 0.5692099788303082,
    "rushed": 0.996815278536125,
    "warned": 0.9486832980505137,
    "owned": 0.9976303284229832,
    "regretted": 0.7071067811865475,
    "rested": 0.7071067811865475,
    "tempted": 0.7071067811865475,
    "wanted": 0.9486832980505138,
    "hoped": 0.7071067811865475,
    "increased": 1.0,
    "obeyed": 0.8574929257125441,
    "respected": 0.5144957554275265,
    "succeeded": 0.6305926250944656
  },
  "text_70b": {
    "fled": 0.9670745372626464,
    "pointed at": 0.8877545314489294,
    "pulled": 0.7071067811865475,
    "pushed": 0.813733471206735,
    "walked": 0.7071067811865475,
    "hunted": 0.9486832980505137,
    "impacted": 0.9979253089684582,
    "perched": 0.7999999999999998,
    "showed": 0.8436614877321074,
    "smashed": 0.6,
    "bombed": 0.7071067811865475,
    "flew": 0.9005516363645785,
    "floated": 0.9838699100999073,
    "lifted": 1.0,
    "sank": 1.0,
    "argued with": 0.8877545314489294,
    "gave to": 0.9692307692307692,
    "offended": 0.9486832980505137,
    "rushed": 0.9999999999999998,
    "warned": 0.9999999999999998,
    "owned": 0.9922778767136677,
    "regretted": 0.9230769230769231,
    "rested": 0.9701425001453318,
    "tempted": 0.9486832980505137,
    "wanted": 0.9670745372626464,
    "hoped": 0.9965457582448796,
    "increased": 0.9899494936611665,
    "obeyed": 0.9701425001453318,
    "respected": 0.8574929257125441,
    "succeeded": 0.917070056253235
  },
  "text_70b_refl_analogy": {
    "fled": 0.7071067811865475,
    "pointed at": 0.9999999999999999,
    "pulled": 0.924678098474716,
    "pushed": 0.8574929257125441,
    "walked": 0.7592566023652965,
    "hunted": 0.8944271909999157,
    "impacted": 0.8541985556144387,
    "perched": 0.9692307692307692,
    "showed": 0.9970544855015814,
    "smashed": 0.9838699100999073,
    "bombed": 1.0,
    "flew": 0.9999999999999998,
    "floated": 0.9899494936611665,
    "lifted": 1.0,
    "sank": 1.0,
    "argued with": 0.9986876634765887,
    "gave to": 0.9999999999999999,
    "offended": 0.7474093186836598,
    "rushed": 0.9970544855015814,
    "warned": 0.9701425001453318,
    "owned": 0.8944271909999157,
    "regretted": 0.9999999999999998,
    "rested": 0.8944271909999157,
    "tempted": 0.8320502943378436,
    "wanted": 0.8574929257125441,
    "hoped": 0.8944271909999157,
    "increased": 0.995893206467704,
    "obeyed": 0.9466499060501441,
    "respected": 0.6305926250944656,
    "succeeded": 0.59001658934231
  },
  "pseudo_70b_inst_analogy": {
    "fled": 1.0,
    "pointed at": 0.9899494936611665,
    "pulled": 1.0,
    "pushed": 1.0,
    "walked": 0.9486832980505138,
    "hunted": 0.7071067811865475,
    "impacted": 0.35713746626659143,
    "perched": 0.9899494936611665,
    "showed": 0.7157819483772107,
    "smashed": 0.9486832980505138,
    "bombed": 1.0,
    "flew": 0.8574929257125441,
    "floated": 0.9899494936611665,
    "lifted": 1.0,
    "sank": 1.0,
    "argued with": 0.9999999999999999,
    "gave to": 0.9899494936611665,
    "offended": 0.9899494936611665,
    "rushed": 0.9601952966035754,
    "warned": 0.7999999999999998,
    "owned": 0.9922778767136677,
    "regretted": 0.7371541402007414,
    "rested": 0.7071067811865475,
    "tempted": 0.7682212795973759,
    "wanted": 0.9805806756909202,
    "hoped": 0.7071067811865475,
    "increased": 1.0,
    "obeyed": 0.9999999999999998,
    "respected": 0.7157819483772107,
    "succeeded": 0.5144957554275265
  },
  "text_70b_refl": {
    "fled": 0.7071067811865475,
    "pointed at": 0.9999999999999999,
    "pulled": 0.924678098474716,
    "pushed": 0.8574929257125441,
    "walked": 0.7592566023652965,
    "hunted": 0.8944271909999157,
    "impacted": 0.8541985556144387,
    "perched": 0.9692307692307692,
    "showed": 0.9970544855015814,
    "smashed": 0.9838699100999073,
    "bombed": 1.0,
    "flew": 0.9999999999999998,
    "floated": 0.9899494936611665,
    "lifted": 1.0,
    "sank": 1.0,
    "argued with": 0.9986876634765887,
    "gave to": 0.9999999999999999,
    "offended": 0.7474093186836598,
    "rushed": 0.9970544855015814,
    "warned": 0.9701425001453318,
    "owned": 0.8944271909999157,
    "regretted": 0.9999999999999998,
    "rested": 0.8944271909999157,
    "tempted": 0.8320502943378436,
    "wanted": 0.8574929257125441,
    "hoped": 0.8944271909999157,
    "increased": 0.995893206467704,
    "obeyed": 0.9466499060501441,
    "respected": 0.6305926250944656,
    "succeeded": 0.59001658934231
  },
  "pseudo_70b_analogy": {
    "fled": 0.9486832980505138,
    "pointed at": 0.9899494936611665,
    "pulled": 0.645942241466174,
    "pushed": 1.0,
    "walked": 0.7592566023652965,
    "hunted": 0.8944271909999157,
    "impacted": 0.4961389383568338,
    "perched": 0.9899494936611665,
    "showed": 0.7157819483772107,
    "smashed": 0.9615239476408232,
    "bombed": 1.0,
    "flew": 0.9216353751380651,
    "floated": 0.9899494936611665,
    "lifted": 1.0,
    "sank": 1.0,
    "argued with": 0.1414213562373095,
    "gave to": 0.9899494936611665,
    "offended": 0.3328201177351374,
    "rushed": 0.8574929257125441,
    "warned": 0.9701425001453318,
    "owned": 0.9761870601839526,
    "regretted": 0.9486832980505137,
    "rested": 0.7371541402007414,
    "tempted": 0.8320502943378436,
    "wanted": 0.995893206467704,
    "hoped": 0.7071067811865475,
    "increased": 0.995893206467704,
    "obeyed": 0.917070056253235,