{
  "pseudo_r1-llama": {
    "0": [
      0.6641582089178418,
      6.280736071593454e-05
    ],
    "1": [
      0.6641582089178418,
      6.280736071593454e-05
    ]
  },
  "text_70b_analogy": {
    "0": [
      0.6992798987761212,
      1.7129896299316354e-05
    ],
    "1": [
      0.6992798987761212,
      1.7129896299316354e-05
    ]
  },
  "text_r1-llama_analogy": {
    "0": [
      0.6417995570192983,
      0.0001319993228020852
    ],
    "1": [
      0.6417995570192983,
      0.0001319993228020852
    ]
  },
  "text_70b": {
    "0": [
      0.49797529584742795,
      0.005104778987047715
    ],
    "1": [
      0.49797529584742795,
      0.005104778987047715
    ]
  },
  "text_70b_refl_analogy": {
    "0": [
      0.7455917566309974,
      2.268265997856565e-06
    ],
    "1": [
      0.7455917566309974,
      2.268265997856565e-06
    ]
  },
  "pseudo_70b_inst_analogy": {
    "0": [
      0.7730181135255969,
      5.53183353270524e-07
    ],
    "1": [
      0.7730181135255969,
      5.53183353270524e-07
    ]
  },
  "text_70b_refl": {
    "0": [
      0.7455917566309974,
      2.268265997856565e-06
    ],
    "1": [
      0.7455917566309974,
      2.268265997856565e-06
    ]
  },
  "pseudo_70b_analogy": {
    "0": [
      0.6034513558715302,
      0.0004151991476222558
    ],
    "1": [
      0.6034513558715302,
      0.0004151991476222558
    ]
  },
  "text_r1-llama": {
    "0": [
      0.6419340977378036,
      0.00013143377611562164
    ],
    "1": [
      0.6419340977378036,
      0.00013143377611562164
    ]
  },
  "pseudo_70b_inst": {
    "0": [
      0.7409123418689878,
      2.8355042567617134e-06
    ],
    "1": [
      0.7409123418689878,
      2.8355042567617134e-06
    ]
  },
  "pseudo_70b": {
    "0": [
      0.8153774246198718,
      4.070210776166971e-08
    ],
    "1": [
      0.8153774246198718,
      4.070210776166971e-08
    ]
  },
  "text_70b_inst_analogy": {
    "0": [
      0.640176781591823,
      0.00013899320841064003
    ],
    "1": [
      0.640176781591823,
      0.00013899320841064003
    ]
  },
  "pseudo_r1-llama_analogy": {
    "0": [
      0.6468898822314012,
      0.00011204625336875533
    ],
    "1": [
      0.6468898822314012,
      0.00011204625336875533
    ]
  },
  "pseudo_70b_refl_analogy": {
    "0": [
      0.6592239896480886,
      7.438045347590569e-05
    ],
    "1": [
      0.6592239896480886,
      7.438045347590569e-05
    ]
  },
  "pseudo_70b_refl": {
    "0": [
      0.6592239896480886,
      7.438045347590569e-05
    ],
    "1": [
      0.6592239896480886,
      7.438045347590569e-05
    ]
  },
  "text_70b_inst": {
    "0": [
      0.6365265606135654,
      0.00015594213284747413
    ],
    "1": [
      0.6365265606135654,
      0.00015594213284747413
    ]
  }
}