{
  "pseudo_r1-llama": {
    "0": [
      0.639355194633435,
      0.0001426581737029405
    ],
    "1": [
      0.5017245056299005,
      0.004731038868308021
    ],
    "2": [
      0.4401731511027847,
      0.01492390610469855
    ],
    "3": [
      0.5274503631536865,
      0.0027426157967409266
    ]
  },
  "text_70b_analogy": {
    "0": [
      0.5764453278809194,
      0.0008559229084272495
    ],
    "1": [
      0.452582608526251,
      0.012031346198401707
    ],
    "2": [
      0.42393524771122704,
      0.01956181032660576
    ],
    "3": [
      0.40680179025007634,
      0.025684291794022353
    ]
  },
  "text_r1-llama_analogy": {
    "0": [
      0.5802239583122891,
      0.0007764426135984103
    ],
    "1": [
      0.5748430636871328,
      0.0008917196904098283
    ],
    "2": [
      0.4855927051075253,
      0.006523484685052503
    ],
    "3": [
      0.32959563530068625,
      0.07529903590296144
    ]
  },
  "text_70b": {
    "0": [
      0.5707370478118243,
      0.0009894989678195815
    ],
    "1": [
      0.4738948358302446,
      0.008158473092690768
    ],
    "2": [
      0.3822785457779906,
      0.037088853207516245
    ],
    "3": [
      0.4698239226571588,
      0.008803235358302757
    ]
  },
  "text_70b_refl_analogy": {
    "0": [
      0.5706777284124072,
      0.0009909776408562254
    ],
    "1": [
      0.4044049178785367,
      0.026653702892970504
    ],
    "2": [
      0.26142492449034677,
      0.16288131033373848
    ],
    "3": [
      0.5130244223417778,
      0.003742703518367497
    ]
  },
  "pseudo_70b_inst_analogy": {
    "0": [
      0.5987132591556953,
      0.00047358593321848665
    ],
    "1": [
      0.5331406498071535,
      0.0024169632879224375
    ],
    "2": [
      0.5333447135734973,
      0.0024059343199314856
    ],
    "3": [
      0.5177667207552534,
      0.0033840988742095926
    ]
  },
  "text_70b_refl": {
    "0": [
      0.5706777284124072,
      0.0009909776408562254
    ],
    "1": [
      0.4044049178785367,
      0.026653702892970504
    ],
    "2": [
      0.26142492449034677,
      0.16288131033373848
    ],
    "3": [
      0.5130244223417778,
      0.003742703518367497
    ]
  },
  "pseudo_70b_analogy": {
    "0": [
      0.5221540745916237,
      0.0030790535952061717
    ],
    "1": [
      0.5100104260219919,
      0.003987180223413642
    ],
    "2": [
      0.5878686473922634,
      0.0006351739443834427
    ],
    "3": [
      0.44776572607624965,
      0.013092716920952187
    ]
  },
  "text_r1-llama": {
    "0": [
      0.46996619947331436,
      0.008779997139576702
    ],
    "1": [
      0.5313181800153158,
      0.002517415212189021
    ],
    "2": [
      0.36229035242114555,
      0.04913175001909736
    ],
    "3": [
      0.3632641441677099,
      0.04848099183357656
    ]
  },
  "pseudo_70b_inst": {
    "0": [
      0.6352207612394567,
      0.0001624368976929428
    ],
    "1": [
      0.5202932865252115,
      0.003205408347030117
    ],
    "2": [
      0.38483442389320127,
      0.035737508647572844
    ],
    "3": [
      0.5006269132855331,
      0.004837948605723638
    ]
  },
  "pseudo_70b": {
    "0": [
      0.6978709192229349,
      1.8109414549306306e-05
    ],
    "1": [
      0.6027641258632026,
      0.00042325308495301
    ],
    "2": [
      0.1191334699462198,
      0.5306371728487895
    ],
    "3": [
      0.3688328348148836,
      0.04488987854961555
    ]
  },
  "text_70b_inst_analogy": {
    "0": [
      0.5131227479160094,
      0.0037349497502975363
    ],
    "1": [
      0.3991790201995186,
      0.028871001220609375
    ],
    "2": [
      0.3558253072439284,
      0.05362964828294184
    ],
    "3": [
      0.34589392586183615,
      0.06116515191296807
    ]
  },
  "pseudo_r1-llama_analogy": {
    "0": [
      0.4967204289239591,
      0.0052353719731122
    ],
    "1": [
      0.5039928753787457,
      0.004516476683191023
    ],
    "2": [
      0.5500649098327706,
      0.0016377681209272632
    ],
    "3": [
      0.4118380540188038,
      0.023741122977638668
    ]
  },
  "pseudo_70b_refl_analogy": {
    "0": [
      0.442295498462856,
      0.014391788670612166
    ],
    "1": [
      0.5369737582599616,
      0.0022169356253816017
    ],
    "2": [
      0.4454761856120009,
      0.013623984029065997
    ],
    "3": [
      0.5184916070367455,
      0.0033319762170408063
    ]
  },
  "pseudo_70b_refl": {
    "0": [
      0.442295498462856,
      0.014391788670612166
    ],
    "1": [
      0.5369737582599616,
      0.0022169356253816017
    ],
    "2": [
      0.4454761856120009,
      0.013623984029065997
    ],
    "3": [
      0.5184916070367455,
      0.0033319762170408063
    ]
  },
  "text_70b_inst": {
    "0": [
      0.5648276905288779,
      0.001146637380970207
    ],
    "1": [
      0.42630873258084756,
      0.018817758438712563
    ],
    "2": [
      0.3863464923204366,
      0.034956915719667185
    ],
    "3": [
      0.36609137905910394,
      0.0466303173941865
    ]
  }
}