{
  "pseudo_o1": {
    "fled": [
      0.0,
      0.0,
      0.7916666666666666,
      0.20833333333333334
    ],
    "pointed at": [
      0.0,
      0.0,
      0.041666666666666664,
      0.9583333333333334
    ],
    "pulled": [
      0.0,
      0.041666666666666664,
      0.9583333333333334,
      0.0
    ],
    "pushed": [
      0.0,
      0.0,
      0.0,
      1.0
    ],
    "walked": [
      0.0,
      0.0,
      0.0,
      1.0
    ],
    "hunted": [
      0.0,
      0.25,
      0.041666666666666664,
      0.7083333333333334
    ],
    "impacted": [
      0.0,
      0.5833333333333334,
      0.0,
      0.4166666666666667
    ],
    "perched": [
      1.0,
      0.0,
      0.0,
      0.0
    ],
    "showed": [
      0.041666666666666664,
      0.0,
      0.0,
      0.9583333333333334
    ],
    "smashed": [
      0.0,
      0.9166666666666666,
      0.0,
      0.08333333333333333
    ],
    "bombed": [
      0.0,
      1.0,
      0.0,
      0.0
    ],
    "flew": [
      1.0,
      0.0,
      0.0,
      0.0
    ],
    "floated": [
      1.0,
      0.0,
      0.0,
      0.0
    ],
    "lifted": [
      1.0,
      0.0,
      0.0,
      0.0
    ],
    "sank": [
      0.0,
      1.0,
      0.0,
      0.0
    ],
    "argued with": [
      0.0,
      0.0,
      1.0,
      0.0
    ],
    "gave to": [
      0.0,
      0.0,
      0.0,
      1.0
    ],
    "offended": [
      0.0,
      1.0,
      0.0,
      0.0
    ],
    "rushed": [
      0.0,
      0.0,
      0.0,
      1.0
    ],
    "warned": [
      0.08333333333333333,
      0.4166666666666667,
      0.5,
      0.0
    ],
    "owned": [
      0.08333333333333333,
      0.625,
      0.2916666666666667,
      0.0
    ],
    "regretted": [
      0.0,
      0.0,
      1.0,
      0.0
    ],
    "rested": [
      0.0,
      1.0,
      0.0,
      0.0
    ],
    "tempted": [
      0.0,
      0.875,
      0.0,
      0.125
    ],
    "wanted": [
      0.25,
      0.0,
      0.0,
      0.75
    ],
    "hoped": [
      1.0,
      0.0,
      0.0,
      0.0
    ],
    "increased": [
      1.0,
      0.0,
      0.0,
      0.0
    ],
    "obeyed": [
      0.0,
      0.875,
      0.0,
      0.125
    ],
    "respected": [
      1.0,
      0.0,
      0.0,
      0.0
    ],
    "succeeded": [
      1.0,
      0.0,
      0.0,
      0.0
    ]
  },
  "text_o1": {
    "fled": [
      0.0,
      0.0,
      1.0,
      0.0
    ],
    "pointed at": [
      0.25,
      0.041666666666666664,
      0.0,
      0.7083333333333334
    ],
    "pulled": [
      0.0,
      1.0,
      0.0,
      0.0
    ],
    "pushed": [
      0.041666666666666664,
      0.8333333333333334,
      0.0,
      0.125
    ],
    "walked": [
      0.3333333333333333,
      0.0,
      0.041666666666666664,
      0.625
    ],
    "hunted": [
      0.0,
      0.9583333333333334,
      0.041666666666666664,
      0.0
    ],
    "impacted": [
      0.0,
      1.0,
      0.0,
      0.0
    ],
    "perched": [
      1.0,
      0.0,
      0.0,
      0.0
    ],
    "showed": [
      0.9166666666666666,
      0.041666666666666664,
      0.041666666666666664,
      0.0
    ],
    "smashed": [
      0.08333333333333333,
      0.9166666666666666,
      0.0,
      0.0
    ],
    "bombed": [
      0.0,
      1.0,
      0.0,
      0.0
    ],
    "flew": [
      1.0,
      0.0,
      0.0,
      0.0
    ],
    "floated": [
      1.0,
      0.0,
      0.0,
      0.0
    ],
    "lifted": [
      1.0,
      0.0,
      0.0,
      0.0
    ],
    "sank": [
      0.0,
      1.0,
      0.0,
      0.0
    ],
    "argued with": [
      0.0,
      0.041666666666666664,
      0.75,
      0.20833333333333334
    ],
    "gave to": [
      0.0,
      0.125,
      0.16666666666666666,
      0.7083333333333334
    ],
    "offended": [
      0.041666666666666664,
      0.9583333333333334,
      0.0,
      0.0
    ],
    "rushed": [
      0.16666666666666666,
      0.5,
      0.041666666666666664,
      0.2916666666666667
    ],
    "warned": [
      0.16666666666666666,
      0.625,
      0.08333333333333333,
      0.125
    ],
    "owned": [
      0.0,
      0.875,
      0.0,
      0.125
    ],
    "regretted": [
      0.0,
      0.875,
      0.125,
      0.0
    ],
    "rested": [
      0.0,
      1.0,
      0.0,
      0.0
    ],
    "tempted": [
      0.0,
      0.8333333333333334,
      0.16666666666666666,
      0.0
    ],
    "wanted": [
      0.5833333333333334,
      0.0,
      0.08333333333333333,
      0.3333333333333333
    ],
    "hoped": [
      1.0,
      0.0,
      0.0,
      0.0
    ],
    "increased": [
      1.0,
      0.0,
      0.0,
      0.0
    ],
    "obeyed": [
      0.0,
      0.4583333333333333,
      0.0,
      0.5416666666666666
    ],
    "respected": [
      1.0,
      0.0,
      0.0,
      0.0
    ],
    "succeeded": [
      0.9583333333333334,
      0.0,
      0.0,
      0.041666666666666664
    ]
  }
}