{
  "pseudo_3.5": 0.531068783068783,
  "pseudo_3.5_analogy": 0.612887112887113,
  "pseudo_4-mini": 0.64007326007326,
  "pseudo_4-mini_analogy": 0.6250007963051442,
  "pseudo_4": 0.5823809523809523,
  "pseudo_4_analogy": 0.6301587301587301,
  "text_3.5": 0.5962210338680927,
  "text_3.5_analogy": 0.6317424242424242,
  "text_4-mini": 0.4523351158645276,
  "text_4-mini_analogy": 0.4021929824561404,
  "text_4": 0.4046717171717172,
  "text_4_analogy": 0.4482456140350877
}