{
  "pseudo_3.5": 0.8,
  "pseudo_3.5_analogy": 0.8994285714285714,
  "pseudo_4-mini": 0.8994285714285714,
  "pseudo_4-mini_analogy": 0.7611672278338945,
  "pseudo_4": 0.9003367003367003,
  "pseudo_4_analogy": 0.8666666666666667,
  "text_3.5": 0.8672619047619048,
  "text_3.5_analogy": 0.900333704115684,
  "text_4-mini": 0.554066985645933,
  "text_4-mini_analogy": 0.6845714285714287,
  "text_4": 0.7611672278338945,
  "text_4_analogy": 0.7611672278338945
}