{
  "pseudo_3.5": {
    "fled": 0.1273590944813796,
    "pointed at": 0.9959526344048992,
    "pulled": 0.7477929320868636,
    "pushed": 0.9270609275399131,
    "walked": 0.9247643065109502,
    "hunted": 0.9492989215679288,
    "impacted": 0.9535977707454164,
    "perched": 0.15501340385653287,
    "showed": 0.9316384705262016,
    "smashed": 0.6968874415123478,
    "bombed": 0.9981616128350644,
    "flew": 0.6283623526684142,
    "floated": 0.5004452036271663,
    "lifted": 0.993628435465416,
    "sank": 0.9537249806154602,
    "argued with": 0.955374343517171,
    "gave to": 0.9876599359978278,
    "offended": 0.6862628961846824,
    "rushed": 0.9122760037959554,
    "warned": 0.19292611267736529,
    "owned": 0.46863208996135586,
    "regretted": 0.9158898073542032,
    "rested": 0.6878883654563547,
    "tempted": 0.4668127501188908,
    "wanted": 0.7852083630544497,
    "hoped": 0.8067231788820207,
    "increased": 0.9798950013921203,
    "obeyed": 0.3402505701186492,
    "respected": 0.8581257823662447,
    "succeeded": 0.7361661815523539
  },
  "pseudo_3.5_analogy": {
    "fled": 0.10318102317509195,
    "pointed at": 0.9985045658504829,
    "pulled": 0.9895838157612817,
    "pushed": 0.9930360897118915,
    "walked": 0.9296417318685865,
    "hunted": 0.9492989215679288,
    "impacted": 0.8050733476488966,
    "perched": 0.15501340385653287,
    "showed": 0.9799962795946481,
    "smashed": 0.990967929494915,
    "bombed": 0.9953780948050849,
    "flew": 0.6188435151204561,
    "floated": 0.4801255898419902,
    "lifted": 0.993628435465416,
    "sank": 0.9537249806154602,
    "argued with": 0.8786320263846725,
    "gave to": 0.9876599359978278,
    "offended": 0.8872713091641721,
    "rushed": 0.8933513353167681,
    "warned": 0.8462316182098794,
    "owned": 0.5845055840776113,
    "regretted": 0.7670554301345719,
    "rested": 0.6423687395005079,
    "tempted": 0.4668127501188908,
    "wanted": 0.8668934638220994,
    "hoped": 0.9161975668864359,
    "increased": 0.9798950013921203,
    "obeyed": 0.18351213902373525,
    "respected": 0.5376411015232004,
    "succeeded": 0.4463952864497957
  },
  "pseudo_4-mini": {
    "fled": 0.9933837404036668,
    "pointed at": 0.9959526344048992,
    "pulled": 0.979587635661677,
    "pushed": 0.9957503836635712,
    "walked": 0.9247643065109502,
    "hunted": 0.9916226741339345,
    "impacted": 0.992732572453249,
    "perched": 0.15501340385653287,
    "showed": 0.955872135367879,
    "smashed": 0.894332744851851,
    "bombed": 0.9981616128350644,
    "flew": 0.6267874230324817,
    "floated": 0.5004452036271663,
    "lifted": 0.993628435465416,
    "sank": 0.9537249806154602,
    "argued with": 0.8786320263846725,
    "gave to": 0.9876599359978278,
    "offended": 0.5183380380795026,
    "rushed": 0.8933513353167681,
    "warned": 0.4217508581672297,
    "owned": 0.3269527949507875,
    "regretted": 0.7670554301345719,
    "rested": 0.6527706395459955,
    "tempted": 0.4668127501188908,
    "wanted": 0.9516382414623836,
    "hoped": 0.9326150700595639,
    "increased": 0.9798950013921203,
    "obeyed": 0.13547486719610802,
    "respected": 0.9141200121996524,
    "succeeded": 0.6932061923631725
  },
  "pseudo_4-mini_analogy": {
    "fled": 0.8234180606258718,
    "pointed at": 0.9985045658504829,
    "pulled": 0.9059943370234723,
    "pushed": 0.9957503836635712,
    "walked": 0.9247643065109502,
    "hunted": 0.9864731826234819,
    "impacted": 0.9747783384246415,
    "perched": 0.15501340385653287,
    "showed": 0.9756498997628829,
    "smashed": 0.9489450007307835,
    "bombed": 0.9953971353008849,
    "flew": 0.6267874230324817,
    "floated": 0.5004452036271663,
    "lifted": 0.993628435465416,
    "sank": 0.9537249806154602,
    "argued with": 0.32234481033634843,
    "gave to": 0.9876599359978278,
    "offended": 0.745148016330702,
    "rushed": 0.8637258731960817,
    "warned": 0.4370546838520871,
    "owned": 0.6588136266095124,
    "regretted": 0.9230571342708098,
    "rested": 0.6904768394517304,
    "tempted": 0.5746009389461357,
    "wanted": 0.9613235190091973,
    "hoped": 0.7837445598215508,
    "increased": 0.9798950013921203,
    "obeyed": 0.14194639350209284,
    "respected": 0.7604101869704686,
    "succeeded": 0.739815034592798
  },
  "pseudo_4": {
    "fled": 0.3444288700577784,
    "pointed at": 0.9959526344048992,
    "pulled": 0.979587635661677,
    "pushed": 0.9957503836635712,
    "walked": 0.9247643065109502,
    "hunted": 0.9492989215679288,
    "impacted": 0.9568122524677971,
    "perched": 0.45751572910602795,
    "showed": 0.9770468347148465,
    "smashed": 0.9168847249171459,
    "bombed": 0.9953971353008849,
    "flew": 0.6267874230324817,
    "floated": 0.5004452036271663,
    "lifted": 0.993628435465416,
    "sank": 0.9537249806154602,
    "argued with": 0.3721580782708201,
    "gave to": 0.9876599359978278,
    "offended": 0.535916882889076,
    "rushed": 0.9046522324688689,
    "warned": 0.5472169306119712,
    "owned": 0.3269527949507875,
    "regretted": 0.8223927391639393,
    "rested": 0.6423687395005079,
    "tempted": 0.4668127501188908,
    "wanted": 0.9638071058076262,
    "hoped": 0.7837445598215508,
    "increased": 0.9798950013921203,
    "obeyed": 0.126283978445086,
    "respected": 0.877163362902002,
    "succeeded": 0.7102408564865822
  },
  "pseudo_4_analogy": {
    "fled": 0.8441623197486888,
    "pointed at": 0.9959526344048992,
    "pulled": 0.9742208268996331,
    "pushed": 0.9957503836635712,
    "walked": 0.9247643065109502,
    "hunted": 0.9607196194676331,
    "impacted": 0.9568122524677971,
    "perched": 0.45751572910602795,
    "showed": 0.9799962795946481,
    "smashed": 0.9168847249171459,
    "bombed": 0.9953971353008849,
    "flew": 0.6283623526684142,
    "floated": 0.5004452036271663,
    "lifted": 0.993628435465416,
    "sank": 0.9537249806154602,
    "argued with": 0.1997399173709788,
    "gave to": 0.9876599359978278,
    "offended": 0.7314133536494041,
    "rushed": 0.9127343072818241,
    "warned": 0.7095974320433985,
    "owned": 0.9006031782116637,
    "regretted": 0.7670554301345719,
    "rested": 0.9021373119076669,
    "tempted": 0.527951773828867,
    "wanted": 0.8289141834220624,
    "hoped": 0.7837445598215508,
    "increased": 0.9798950013921203,
    "obeyed": 0.1506010716102813,
    "respected": 0.9076252224199088,
    "succeeded": 0.667534152377347
  },
  "text_3.5": {
    "fled": 0.9736563133770549,
    "pointed at": 0.9973117814826927,
    "pulled": 0.659125023723908,
    "pushed": 0.9957503836635712,
    "walked": 0.9471947735487339,
    "hunted": 0.9623242346261603,
    "impacted": 0.8601800378259923,
    "perched": 0.15501340385653287,
    "showed": 0.35065262189135604,
    "smashed": 0.9650791899465054,
    "bombed": 0.9992770001429951,
    "flew": 0.6267874230324817,
    "floated": 0.5004452036271663,
    "lifted": 0.993628435465416,
    "sank": 0.9537249806154602,
    "argued with": 0.802056997987263,
    "gave to": 0.9713569213957601,
    "offended": 0.5086551511867989,
    "rushed": 0.9057682852612956,
    "warned": 0.8200690799700321,
    "owned": 0.33040025622830865,
    "regretted": 0.8959206324698352,
    "rested": 0.6700187836466346,
    "tempted": 0.6569724817248149,
    "wanted": 0.7378069798666851,
    "hoped": 0.7837445598215508,
    "increased": 0.9798950013921203,
    "obeyed": 0.3506813221572678,
    "respected": 0.9141200121996524,
    "succeeded": 0.7463551073032636
  },
  "text_3.5_analogy": {
    "fled": 0.9593449016021489,
    "pointed at": 0.9985045658504829,
    "pulled": 0.8669881697738974,
    "pushed": 0.9957503836635712,
    "walked": 0.6128163650053626,
    "hunted": 0.9812330846755015,
    "impacted": 0.6634839480121215,
    "perched": 0.15501340385653287,
    "showed": 0.9756498997628829,
    "smashed": 0.9168847249171459,
    "bombed": 0.9962927851846556,
    "flew": 0.628728986387711,
    "floated": 0.5004452036271663,
    "lifted": 0.993628435465416,