{
  "pseudo_3.5": {
    "fled": 0.9161397094085632,
    "pointed at": 0.9927498882198205,
    "pulled": 0.7915634513231717,
    "pushed": 0.9416968601077287,
    "walked": 0.9896412428435978,
    "hunted": 0.9193486163028975,
    "impacted": 0.9995389053895642,
    "perched": 0.990830168044299,
    "showed": 0.9725479912384083,
    "smashed": 0.9765303789838946,
    "bombed": 0.9999996899995243,
    "flew": 0.9851357089368927,
    "floated": 0.9927498882198205,
    "lifted": 0.9995220773430664,
    "sank": 0.9979695135897221,
    "argued with": 0.9477801918426285,
    "gave to": 0.9767443431718837,
    "offended": 0.8748602724711718,
    "rushed": 0.9928784770965837,
    "warned": 0.4413673680848411,
    "owned": 0.7348753992302556,
    "regretted": 0.9927204480797349,
    "rested": 0.7197181183553434,
    "tempted": 0.9307830035896911,
    "wanted": 0.8405541225254398,
    "hoped": 0.8660797380688536,
    "increased": 0.9745585901773118,
    "obeyed": 0.38696298855695804,
    "respected": 0.797133013795191,
    "succeeded": 0.9865850829728697
  },
  "pseudo_3.5_analogy": {
    "fled": 0.9993042417226503,
    "pointed at": 0.997033975127429,
    "pulled": 0.9993042417226503,
    "pushed": 0.9906528304679021,
    "walked": 0.9949431376181834,
    "hunted": 0.9193486163028975,
    "impacted": 0.7826477260742366,
    "perched": 0.990830168044299,
    "showed": 0.9941554895655541,
    "smashed": 0.9981717165224495,
    "bombed": 0.9987276804467932,
    "flew": 0.9991498035509758,
    "floated": 0.9637396027492378,
    "lifted": 0.9995220773430664,
    "sank": 0.9979695135897221,
    "argued with": 0.9477801918426285,
    "gave to": 0.9767443431718837,
    "offended": 0.8748602724711718,
    "rushed": 0.9660517982120552,
    "warned": 0.9867241788932519,
    "owned": 0.8582277817696051,
    "regretted": 0.7892842126639253,
    "rested": 0.7197181183553434,
    "tempted": 0.9307830035896911,
    "wanted": 0.9186255265955926,
    "hoped": 0.9700911154893812,
    "increased": 0.9745585901773118,
    "obeyed": 0.9877805240734725,
    "respected": 0.797133013795191,
    "succeeded": 0.5872276151887803
  },
  "pseudo_4-mini": {
    "fled": 0.9918236347493151,
    "pointed at": 0.9927498882198205,
    "pulled": 0.9918236347493151,
    "pushed": 0.9927498882198205,
    "walked": 0.9896412428435978,
    "hunted": 0.996588570660291,
    "impacted": 0.998667018061531,
    "perched": 0.990830168044299,
    "showed": 0.9536774170180857,
    "smashed": 0.8936553380424344,
    "bombed": 0.9999996899995243,
    "flew": 0.9767443431718837,
    "floated": 0.9927498882198205,
    "lifted": 0.9995220773430664,
    "sank": 0.9979695135897221,
    "argued with": 0.9477801918426285,
    "gave to": 0.9767443431718837,
    "offended": 0.8962288481061329,
    "rushed": 0.9660517982120552,
    "warned": 0.6551987245976105,
    "owned": 0.5380813855487827,
    "regretted": 0.7892842126639253,
    "rested": 0.7197181183553434,
    "tempted": 0.9307830035896911,
    "wanted": 0.9789818301335456,
    "hoped": 0.9844934115655835,
    "increased": 0.9745585901773118,
    "obeyed": 0.9522011097373065,
    "respected": 0.8745121674192506,
    "succeeded": 0.9224653993101963
  },
  "pseudo_4-mini_analogy": {
    "fled": 0.7380811879441268,
    "pointed at": 0.997033975127429,
    "pulled": 0.8812554601071549,
    "pushed": 0.9927498882198205,
    "walked": 0.9896412428435978,
    "hunted": 0.9786561892303622,
    "impacted": 0.980726385129632,
    "perched": 0.990830168044299,
    "showed": 0.99986900158401,
    "smashed": 0.9515651960973615,
    "bombed": 0.9958216097734254,
    "flew": 0.9767443431718837,
    "floated": 0.9927498882198205,
    "lifted": 0.9995220773430664,
    "sank": 0.9979695135897221,
    "argued with": 0.9477801918426285,
    "gave to": 0.9767443431718837,
    "offended": 0.9396990069556679,
    "rushed": 0.865781720523704,
    "warned": 0.7024774046756805,
    "owned": 0.9986436091278099,
    "regretted": 0.9785725966410148,
    "rested": 0.7197181183553434,
    "tempted": 0.79235944098931,
    "wanted": 0.9702896672865476,
    "hoped": 0.8435477721850473,
    "increased": 0.9745585901773118,
    "obeyed": 0.9776146147651873,
    "respected": 0.797133013795191,
    "succeeded": 0.9875803063351137
  },
  "pseudo_4": {
    "fled": 0.9918236347493151,
    "pointed at": 0.9927498882198205,
    "pulled": 0.9918236347493151,
    "pushed": 0.9927498882198205,
    "walked": 0.9896412428435978,
    "hunted": 0.9193486163028975,
    "impacted": 0.9935646577869375,
    "perched": 0.990830168044299,
    "showed": 0.9866364261377057,
    "smashed": 0.9198223678804555,
    "bombed": 0.9958216097734254,
    "flew": 0.9767443431718837,
    "floated": 0.9927498882198205,
    "lifted": 0.9995220773430664,
    "sank": 0.9979695135897221,
    "argued with": 0.9477801918426285,
    "gave to": 0.9767443431718837,
    "offended": 0.8962288481061329,
    "rushed": 0.9854741928672396,
    "warned": 0.94659951157795,
    "owned": 0.5380813855487827,
    "regretted": 0.8681881846049058,
    "rested": 0.7197181183553434,
    "tempted": 0.9307830035896911,
    "wanted": 0.9992502945893146,
    "hoped": 0.8435477721850473,
    "increased": 0.9745585901773118,
    "obeyed": 0.9655558884164857,
    "respected": 0.8226082050010832,
    "succeeded": 0.9535826651341416
  },
  "pseudo_4_analogy": {
    "fled": 0.9441856975430875,
    "pointed at": 0.9927498882198205,
    "pulled": 0.9812822817315439,
    "pushed": 0.9927498882198205,
    "walked": 0.9896412428435978,
    "hunted": 0.9355710087799437,
    "impacted": 0.9935646577869375,
    "perched": 0.990830168044299,
    "showed": 0.9941554895655541,
    "smashed": 0.9198223678804555,
    "bombed": 0.9958216097734254,
    "flew": 0.9851357089368927,
    "floated": 0.9927498882198205,
    "lifted": 0.9995220773430664,
    "sank": 0.9979695135897221,
    "argued with": 0.9607388236932423,
    "gave to": 0.9767443431718837,
    "offended": 0.8748602724711718,
    "rushed": 0.9928784770965837,
    "warned": 0.8401400709081832,
    "owned": 0.9986436091278099,
    "regretted": 0.7892842126639253,
    "rested": 0.9542208265841678,
    "tempted": 0.9931722062407234,
    "wanted": 0.8826386719157314,
    "hoped": 0.8435477721850473,
    "increased": 0.9745585901773118,
    "obeyed": 0.9655558884164857,
    "respected": 0.9000688854588909,
    "succeeded": 0.887216801234595
  },
  "text_3.5": {
    "fled": 0.9916448335001766,
    "pointed at": 0.9997708723193598,
    "pulled": 0.8395772116514416,
    "pushed": 0.9927498882198205,
    "walked": 0.9842545877947657,
    "hunted": 0.9982438725190711,
    "impacted": 0.8357888764807521,
    "perched": 0.990830168044299,
    "showed": 0.4326780040395305,
    "smashed": 0.978903277717842,
    "bombed": 0.9988483942194225,
    "flew": 0.9767443431718837,
    "floated": 0.9927498882198205,
    "lifted": 0.9995220773430664,
    "sank": 0.9979695135897221,
    "argued with": 0.9477801918426285,
    "gave to": 0.9767443431718837,
    "offended": 0.8723342406124649,
    "rushed": 0.9916530629690734,
    "warned": 0.94659951157795,
    "owned": 0.5741864493942629,
    "regretted": 0.9636248808700777,
    "rested": 0.7197181183553434,
    "tempted": 0.9307830035896911,
    "wanted": 0.9186255265955926,
    "hoped": 0.8435477721850473,
    "increased": 0.9745585901773118,
    "obeyed": 0.6775981933906043,
    "respected": 0.8745121674192506,
    "succeeded": 0.9988214299691853
  },
  "text_3.5_analogy": {
    "fled": 0.9441856975430875,
    "pointed at": 0.997033975127429,
    "pulled": 0.9812822817315439,
    "pushed": 0.9927498882198205,
    "walked": 0.6920389538886181,
    "hunted": 0.9786561892303622,
    "impacted": 0.8089471775039527,
    "perched": 0.990830168044299,
    "showed": 0.99986900158401,
    "smashed": 0.9198223678804555,
    "bombed": 0.9958216097734254,
    "flew": 0.9921445802161726,
    "floated": 0.9927498882198205,
    "lifted": 0.9995220773430664,
    "sank": 0.9979695135897221,