{
  "pseudo_3.5": {
    "0": [
      0.7179362392654688,
      7.954686587386436e-06
    ],
    "1": [
      0.7179362392654688,
      7.954686587386436e-06
    ]
  },
  "pseudo_3.5_analogy": {
    "0": [
      0.7087984577635744,
      1.16672981669141e-05
    ],
    "1": [
      0.7087984577635744,
      1.16672981669141e-05
    ]
  },
  "pseudo_4-mini": {
    "0": [
      0.8468266681180027,
      3.6616242978794317e-09
    ],
    "1": [
      0.8468266681180027,
      3.6616242978794317e-09
    ]
  },
  "pseudo_4-mini_analogy": {
    "0": [
      0.8670026729655875,
      5.776011975448591e-10
    ],
    "1": [
      0.8670026729655875,
      5.776011975448591e-10
    ]
  },
  "pseudo_4": {
    "0": [
      0.8541958195475229,
      1.9260458908262617e-09
    ],
    "1": [
      0.8541958195475229,
      1.9260458908262617e-09
    ]
  },
  "pseudo_4_analogy": {
    "0": [
      0.8482267655746737,
      3.249340918183285e-09
    ],
    "1": [
      0.8482267655746737,
      3.249340918183285e-09
    ]
  },
  "text_3.5": {
    "0": [
      0.7204019595709977,
      7.155482256413146e-06
    ],
    "1": [
      0.7204019595709977,
      7.155482256413146e-06
    ]
  },
  "text_3.5_analogy": {
    "0": [
      0.7262810483545125,
      5.533987288971725e-06
    ],
    "1": [
      0.7262810483545125,
      5.533987288971725e-06
    ]
  },
  "text_4-mini": {
    "0": [
      0.7054840280823592,
      1.3359096379836424e-05
    ],
    "1": [
      0.7054840280823592,
      1.3359096379836424e-05
    ]
  },
  "text_4-mini_analogy": {
    "0": [
      0.7711898500797958,
      6.113604837627677e-07
    ],
    "1": [
      0.7711898500797958,
      6.113604837627677e-07
    ]
  },
  "text_4": {
    "0": [
      0.6480976095140776,
      0.0001077260095726499
    ],
    "1": [
      0.6480976095140776,
      0.0001077260095726499
    ]
  },
  "text_4_analogy": {
    "0": [
      0.7737970599880725,
      5.299626377745413e-07
    ],
    "1": [
      0.7737970599880725,
      5.299626377745413e-07
    ]
  }
}