{
  "pseudo_3.5": {
    "0": [
      0.5849967796226471,
      0.0006853454405033609
    ],
    "1": [
      0.5490821507304903,
      0.0016761357242550908
    ],
    "2": [
      0.22824413542829833,
      0.22508543583896767
    ],
    "3": [
      0.6906621028557461,
      2.3953734201265732e-05
    ]
  },
  "pseudo_3.5_analogy": {
    "0": [
      0.47203685489218966,
      0.008447610703475248
    ],
    "1": [
      0.3238726512418126,
      0.08081871068389189
    ],
    "2": [
      0.28968695001510786,
      0.12047827499402913
    ],
    "3": [
      0.6322415418751466,
      0.0001781621502052803
    ]
  },
  "pseudo_4-mini": {
    "0": [
      0.6926280685083451,
      2.2212035335540785e-05
    ],
    "1": [
      0.558314385331196,
      0.0013446667075904138
    ],
    "2": [
      0.5157445868708225,
      0.003533221573291627
    ],
    "3": [
      0.7403347906700062,
      2.9137575112165364e-06
    ]
  },
  "pseudo_4-mini_analogy": {
    "0": [
      0.634998491462412,
      0.00016356602767108038
    ],
    "1": [
      0.3589191524367491,
      0.051438288620863526
    ],
    "2": [
      0.42693653027630674,
      0.01862491338450926
    ],
    "3": [
      0.7559494279066011,
      1.3601593923321724e-06
    ]
  },
  "pseudo_4": {
    "0": [
      0.7258189244454994,
      5.648229662576454e-06
    ],
    "1": [
      0.5934206620076876,
      0.0005472485752011991
    ],
    "2": [
      0.3606378956831167,
      0.05025187319540871
    ],
    "3": [
      0.684583476719276,
      3.0141524819516755e-05
    ]
  },
  "pseudo_4_analogy": {
    "0": [
      0.6816962572515212,
      3.355432317666056e-05
    ],
    "1": [
      0.5180644960679031,
      0.003362603229751022
    ],
    "2": [
      0.4940128761885436,
      0.005526884744648099
    ],
    "3": [
      0.6376394821564214,
      0.00015058989009623906
    ]
  },
  "text_3.5": {
    "0": [
      0.6267462373270698,
      0.00021074631175126547
    ],
    "1": [
      0.5056453702619045,
      0.004365461371423582
    ],
    "2": [
      0.4267324142906154,
      0.018687433089317466
    ],
    "3": [
      0.6923354671938713,
      2.246383402518427e-05
    ]
  },
  "text_3.5_analogy": {
    "0": [
      0.47927894325715925,
      0.0073674126677631185
    ],
    "1": [
      0.35318379705751907,
      0.0555583330264778
    ],
    "2": [
      0.5167278249451461,
      0.0034600219804942155
    ],
    "3": [
      0.6799098352425912,
      3.583552597006106e-05
    ]
  },
  "text_4-mini": {
    "0": [
      0.6149243626100462,
      0.00029929831123211856
    ],
    "1": [
      0.2592491012126731,
      0.16653755439973209
    ],
    "2": [
      0.3551982930119316,
      0.05408260607848219
    ],
    "3": [
      0.5880031605944066,
      0.0006329052395232954
    ]
  },
  "text_4-mini_analogy": {
    "0": [
      0.6282552610570001,
      0.00020131070287944785
    ],
    "1": [
      0.22463944515773782,
      0.23269450200264638
    ],
    "2": [
      0.4691721466686597,
      0.00891035526824801
    ],
    "3": [
      0.5979743122363147,
      0.0004833152290071416
    ]
  },
  "text_4": {
    "0": [
      0.593334409596257,
      0.0005485280871167248
    ],
    "1": [
      0.40685957759955216,
      0.0256612804664043
    ],
    "2": [
      0.3156546950690891,
      0.08928114516016766
    ],
    "3": [
      0.5207612525153674,
      0.0031732189150960343
    ]
  },
  "text_4_analogy": {
    "0": [
      0.6070884163512541,
      0.00037478370046085664
    ],
    "1": [
      0.4463338075948492,
      0.013422911742194392
    ],
    "2": [
      0.4513060959636741,
      0.012305341122049585
    ],
    "3": [
      0.6503124275518136,
      0.00010018706881031459
    ]
  }
}