{
  "pseudo_o1": 0.6739627039627041,
  "text_o1": 0.4,
  "pseudo_70b_inst": 0.6041666666666666,
  "text_70b_inst": 0.3555555555555555
}