{
  "pseudo_o1": 0.8324063774564331,
  "text_o1": 0.600156678417548,
  "pseudo_70b_inst": 0.8,
  "text_70b_inst": 0.5274578926752841
}