{
  "pseudo_o1": {
    "fled": 0.9818904875859377,
    "pointed at": 0.9950126128321598,
    "pulled": 0.9817104482031418,
    "pushed": 0.9957503836635712,
    "walked": 0.9247643065109502,
    "hunted": 0.9894194820829931,
    "impacted": 0.9368645056052307,
    "perched": 0.15501340385653287,
    "showed": 0.9644244669168512,
    "smashed": 0.9489450007307835,
    "bombed": 0.9953971353008849,
    "flew": 0.6267874230324817,
    "floated": 0.5004452036271663,
    "lifted": 0.993628435465416,
    "sank": 0.9537249806154602,
    "argued with": 0.19084035472356622,
    "gave to": 0.9876599359978278,
    "offended": 0.5891480944958388,
    "rushed": 0.8933513353167681,
    "warned": 0.30282759341754906,
    "owned": 0.9385535083323701,
    "regretted": 0.7670554301345719,
    "rested": 0.6423687395005079,
    "tempted": 0.26632831580514593,
    "wanted": 0.961347249618776,
    "hoped": 0.7837445598215508,
    "increased": 0.9798950013921203,
    "obeyed": 0.07725698474683332,
    "respected": 0.8581257823662447,
    "succeeded": 0.7102408564865822
  },
  "text_o1": {
    "fled": 0.990166337722643,
    "pointed at": 0.9666729735571241,
    "pulled": 0.07015614366807765,
    "pushed": 0.19178876433984018,
    "walked": 0.8974681513334117,
    "hunted": 0.28437160526669064,
    "impacted": 0.5714770833912031,
    "perched": 0.15501340385653287,
    "showed": 0.22984415298043775,
    "smashed": 0.9176130887098118,
    "bombed": 0.9953971353008849,
    "flew": 0.6267874230324817,
    "floated": 0.5004452036271663,
    "lifted": 0.993628435465416,
    "sank": 0.9537249806154602,
    "argued with": 0.4469331759551094,
    "gave to": 0.9707045801512129,
    "offended": 0.5958576036363196,
    "rushed": 0.6482852555298662,
    "warned": 0.5419275625000041,
    "owned": 0.9298896377235853,
    "regretted": 0.5498042506840249,
    "rested": 0.6423687395005079,
    "tempted": 0.3567994304038301,
    "wanted": 0.6945465615846387,
    "hoped": 0.7837445598215508,
    "increased": 0.9798950013921203,
    "obeyed": 0.13180576873707875,
    "respected": 0.8581257823662447,
    "succeeded": 0.7197259072274176
  },
  "pseudo_70b_inst": {
    "fled": 0.9896838087098436,
    "pointed at": 0.9967585893413213,
    "pulled": 0.979587635661677,
    "pushed": 0.9957503836635712,
    "walked": 0.9247643065109502,
    "hunted": 0.9438021589165473,
    "impacted": 0.6805357319001398,
    "perched": 0.15501340385653287,
    "showed": 0.9770468347148465,
    "smashed": 0.9168847249171459,
    "bombed": 0.9953971353008849,
    "flew": 0.6267874230324817,
    "floated": 0.5004452036271663,
    "lifted": 0.993628435465416,
    "sank": 0.9537249806154602,
    "argued with": 0.33202388575619435,
    "gave to": 0.9876599359978278,
    "offended": 0.5891480944958388,
    "rushed": 0.900110735644785,
    "warned": 0.4785037816555755,
    "owned": 0.6498938130876742,
    "regretted": 0.8042667445028874,
    "rested": 0.6527706395459955,
    "tempted": 0.5288330880512426,
    "wanted": 0.7367829411263791,
    "hoped": 0.896902271711438,
    "increased": 0.9798950013921203,
    "obeyed": 0.07725698474683332,
    "respected": 0.877163362902002,
    "succeeded": 0.7361661815523539
  },
  "text_70b_inst": {
    "fled": 0.6161356193632463,
    "pointed at": 0.9985045658504829,
    "pulled": 0.09416357622083565,
    "pushed": 0.8629704634609676,
    "walked": 0.7853294661259821,
    "hunted": 0.3939600971841372,
    "impacted": 0.5714770833912031,
    "perched": 0.15501340385653287,
    "showed": 0.3033061904302979,
    "smashed": 0.9168847249171459,
    "bombed": 0.9953971353008849,
    "flew": 0.6267874230324817,
    "floated": 0.5004452036271663,
    "lifted": 0.993628435465416,
    "sank": 0.9537249806154602,
    "argued with": 0.3183774417962183,
    "gave to": 0.984753943449692,
    "offended": 0.5891480944958388,
    "rushed": 0.23515207030642327,
    "warned": 0.5783597458566919,
    "owned": 0.4843074212008648,
    "regretted": 0.5134219147479507,
    "rested": 0.6423687395005079,
    "tempted": 0.20234469016560286,
    "wanted": 0.41689150114802354,
    "hoped": 0.7837445598215508,
    "increased": 0.9798950013921203,
    "obeyed": 0.20627758033753588,
    "respected": 0.8581257823662447,
    "succeeded": 0.7102408564865822
  }
}