{
  "pseudo_o1": {
    "fled": 0.9918236347493151,
    "pointed at": 0.9927498882198205,
    "pulled": 0.9964308009144599,
    "pushed": 0.9927498882198205,
    "walked": 0.9896412428435978,
    "hunted": 0.996588570660291,
    "impacted": 0.9614252646892658,
    "perched": 0.990830168044299,
    "showed": 0.965844566937666,
    "smashed": 0.9515651960973615,
    "bombed": 0.9958216097734254,
    "flew": 0.9767443431718837,
    "floated": 0.9927498882198205,
    "lifted": 0.9995220773430664,
    "sank": 0.9979695135897221,
    "argued with": 0.9477801918426285,
    "gave to": 0.9767443431718837,
    "offended": 0.5658795631160113,
    "rushed": 0.9660517982120552,
    "warned": 0.94659951157795,
    "owned": 0.9842789766862692,
    "regretted": 0.7892842126639253,
    "rested": 0.7197181183553434,
    "tempted": 0.4935305640862708,
    "wanted": 0.9996697168105663,
    "hoped": 0.8435477721850473,
    "increased": 0.9745585901773118,
    "obeyed": 0.47571952555947694,
    "respected": 0.797133013795191,
    "succeeded": 0.9535826651341416
  },
  "text_o1": {
    "fled": 0.9918236347493151,
    "pointed at": 0.9637396027492378,
    "pulled": 0.12761613359076965,
    "pushed": 0.2593863976042672,
    "walked": 0.9493651684201655,
    "hunted": 0.43300652774308057,
    "impacted": 0.6224648880626333,
    "perched": 0.990830168044299,
    "showed": 0.3419723186270913,
    "smashed": 0.9198223678804555,
    "bombed": 0.9958216097734254,
    "flew": 0.9767443431718837,
    "floated": 0.9927498882198205,
    "lifted": 0.9995220773430664,
    "sank": 0.9979695135897221,
    "argued with": 0.9607388236932423,
    "gave to": 0.9972493383832294,
    "offended": 0.5658795631160113,
    "rushed": 0.6631053792400879,
    "warned": 0.6551987245976105,
    "owned": 0.9105175881034466,
    "regretted": 0.7194783892761325,
    "rested": 0.7197181183553434,
    "tempted": 0.5410145557007389,
    "wanted": 0.793353334024182,
    "hoped": 0.8435477721850473,
    "increased": 0.9745585901773118,
    "obeyed": 0.9399296651325697,
    "respected": 0.797133013795191,
    "succeeded": 0.9657629448686095
  },
  "pseudo_70b_inst": {
    "fled": 0.9918236347493151,
    "pointed at": 0.997033975127429,
    "pulled": 0.9918236347493151,
    "pushed": 0.9927498882198205,
    "walked": 0.9896412428435978,
    "hunted": 0.9511937805792804,
    "impacted": 0.7268919036369234,
    "perched": 0.990830168044299,
    "showed": 0.9866364261377057,
    "smashed": 0.9198223678804555,
    "bombed": 0.9958216097734254,
    "flew": 0.9767443431718837,
    "floated": 0.9927498882198205,
    "lifted": 0.9995220773430664,
    "sank": 0.9979695135897221,
    "argued with": 0.9919211416784368,
    "gave to": 0.9767443431718837,
    "offended": 0.5658795631160113,
    "rushed": 0.9763619379884473,
    "warned": 0.749779628516781,
    "owned": 0.927776374024031,
    "regretted": 0.8416342718895278,
    "rested": 0.7197181183553434,
    "tempted": 0.9986223553861324,
    "wanted": 0.793353334024182,
    "hoped": 0.9524502530246097,
    "increased": 0.9745585901773118,
    "obeyed": 0.47571952555947694,
    "respected": 0.8226082050010832,
    "succeeded": 0.9865850829728697
  },
  "text_70b_inst": {
    "fled": 0.5577003536919403,
    "pointed at": 0.997033975127429,
    "pulled": 0.21688753319335408,
    "pushed": 0.8776977233425604,
    "walked": 0.888748250551528,
    "hunted": 0.5195051419850758,
    "impacted": 0.6224648880626333,
    "perched": 0.990830168044299,
    "showed": 0.38593760073860817,
    "smashed": 0.9198223678804555,
    "bombed": 0.9958216097734254,
    "flew": 0.9767443431718837,
    "floated": 0.9927498882198205,
    "lifted": 0.9995220773430664,
    "sank": 0.9979695135897221,
    "argued with": 0.5496272760695748,
    "gave to": 0.9921445802161726,
    "offended": 0.5658795631160113,
    "rushed": 0.25834845300727965,
    "warned": 0.749779628516781,
    "owned": 0.8184833757958456,
    "regretted": 0.6829647868115637,
    "rested": 0.7197181183553434,
    "tempted": 0.36557215461322135,
    "wanted": 0.47366177576203383,
    "hoped": 0.8435477721850473,
    "increased": 0.9745585901773118,
    "obeyed": 0.9939821099115012,
    "respected": 0.797133013795191,
    "succeeded": 0.9535826651341416
  }
}