{
  "pseudo_o1": {
    "0": [
      0.6569986006381058,
      8.0196114179913e-05
    ],
    "1": [
      0.46557450471477574,
      0.009521621777485965
    ],
    "2": [
      0.2082399967761652,
      0.26947472752420865
    ],
    "3": [
      0.6700114508333936,
      5.1183374843663996e-05
    ]
  },
  "text_o1": {
    "0": [
      0.5693678254480593,
      0.001024126017079006
    ],
    "1": [
      0.3483050962086391,
      0.059263705810888224
    ],
    "2": [
      0.2554020858215269,
      0.17314406608131439
    ],
    "3": [
      0.5524948574149189,
      0.001546160604883714
    ]
  },
  "pseudo_70b_inst": {
    "0": [
      0.6819300761706063,
      3.326558629816576e-05
    ],
    "1": [
      0.4829335210535465,
      0.006868331669894023
    ],
    "2": [
      0.334445723931073,
      0.07085294543079386
    ],
    "3": [
      0.7738547182919174,
      5.282795579258039e-07
    ]
  },
  "text_70b_inst": {
    "0": [
      0.6112438955356697,
      0.0003328905451004956
    ],
    "1": [
      0.3290951402731851,
      0.07576981809384575
    ],
    "2": [
      0.07403433983754658,
      0.6974191779578427
    ],
    "3": [
      0.6214331424438948,
      0.0002471651678140744
    ]
  }
}