{
  "pseudo_o1": {
    "0": [
      0.8634824245593179,
      8.139720477325314e-10
    ],
    "1": [
      0.8634824245593179,
      8.139720477325314e-10
    ]
  },
  "text_o1": {
    "0": [
      0.7376188664879555,
      3.3085965907701224e-06
    ],
    "1": [
      0.7376188664879555,
      3.3085965907701224e-06
    ]
  },
  "pseudo_70b_inst": {
    "0": [
      0.8799348338057462,
      1.4987949563133705e-10
    ],
    "1": [
      0.8799348338057462,
      1.4987949563133705e-10
    ]
  },
  "text_70b_inst": {
    "0": [
      0.7169909196007904,
      8.281837269748634e-06
    ],
    "1": [
      0.7169909196007904,
      8.281837269748634e-06
    ]
  }
}