{"fled": {"up": 0.07022544741630554, "down": 0.10726417601108551, "left": 0.4135570228099823, "right": 0.40895336866378784}, "pointed at": {"up": 0.30173295736312866, "down": 0.22890865802764893, "left": 0.3464886248111725, "right": 0.12286976724863052}, "pulled": {"up": 0.34713536500930786, "down": 0.2424754649400711, "left": 0.22136127948760986, "right": 0.1890278309583664}, "pushed": {"up": 0.362510621547699, "down": 0.19441768527030945, "left": 0.18564417958259583, "right": 0.25742748379707336}, "walked": {"up": 0.1867521107196808, "down": 0.09210798144340515, "left": 0.27513524889945984, "right": 0.4460046589374542}, "hunted": {"up": 0.1754540503025055, "down": 0.27960360050201416, "left": 0.24758730828762054, "right": 0.297355055809021}, "impacted": {"up": 0.13669973611831665, "down": 0.2062591016292572, "left": 0.38063767552375793, "right": 0.2764034569263458}, "perched": {"up": 0.3163180649280548, "down": 0.4636388123035431, "left": 0.10931702703237534, "right": 0.11072614043951035}, "showed": {"up": 0.29505234956741333, "down": 0.24692806601524353, "left": 0.2582227289676666, "right": 0.1997968852519989}, "smashed": {"up": 0.33295735716819763, "down": 0.20983342826366425, "left": 0.2726118266582489, "right": 0.1845974177122116}, "bombed": {"up": 0.2332560122013092, "down": 0.38591477274894714, "left": 0.21764668822288513, "right": 0.16318251192569733}, "flew": {"up": 0.30299490690231323, "down": 0.30639055371284485, "left": 0.26721999049186707, "right": 0.12339457869529724}, "floated": {"up": 0.23946009576320648, "down": 0.40738505125045776, "left": 0.24275781214237213, "right": 0.11039703339338303}, "lifted": {"up": 0.6090859174728394, "down": 0.29797476530075073, "left": 0.052520234137773514, "right": 0.04041909798979759}, "sank": {"up": 0.18500235676765442, "down": 0.24894267320632935, "left": 0.35999995470046997, "right": 0.20605506002902985}, "argued with": {"up": 0.10881781578063965, "down": 0.20131567120552063, "left": 0.490265429019928, "right": 0.19960105419158936}, "gave to": {"up": 0.07365621626377106, "down": 0.1255166083574295, "left": 0.3887909948825836, "right": 0.41203615069389343}, "offended": {"up": 0.3965252637863159, "down": 0.2621714770793915, "left": 0.17622941732406616, "right": 0.16507388651371002}, "rushed": {"up": 0.22199390828609467, "down": 0.508621335029602, "left": 0.1177336722612381, "right": 0.15165111422538757}, "warned": {"up": 0.36620965600013733, "down": 0.3944331109523773, "left": 0.1034177765250206, "right": 0.13593946397304535}, "owned": {"up": 0.4205756187438965, "down": 0.24532566964626312, "left": 0.20382153987884521, "right": 0.13027720153331757}, "regretted": {"up": 0.04589729756116867, "down": 0.13301774859428406, "left": 0.3255566656589508, "right": 0.4955282211303711}, "rested": {"up": 0.18312563002109528, "down": 0.3007933795452118, "left": 0.3367229104042053, "right": 0.1793580800294876}, "tempted": {"up": 0.21385981142520905, "down": 0.1780768781900406, "left": 0.27234601974487305, "right": 0.3357173204421997}, "wanted": {"up": 0.20929595828056335, "down": 0.28204435110092163, "left": 0.262533962726593, "right": 0.246125727891922}, "hoped": {"up": 0.17335766553878784, "down": 0.18725207448005676, "left": 0.3216222822666168, "right": 0.3177679777145386}, "increased": {"up": 0.35961925983428955, "down": 0.21821601688861847, "left": 0.1990746706724167, "right": 0.2230900377035141}, "obeyed": {"up": 0.20475585758686066, "down": 0.3048980236053467, "left": 0.2771884799003601, "right": 0.21315760910511017}, "respected": {"up": 0.3312722146511078, "down": 0.3958684802055359, "left": 0.1599033772945404, "right": 0.11295588314533234}, "succeeded": {"up": 0.12096011638641357, "down": 0.24030523002147675, "left": 0.2618313133716583, "right": 0.37690338492393494}}