{
  "pseudo_3.5": 0.35074074074074074,
  "pseudo_3.5_analogy": 0.49804023137356473,
  "pseudo_4-mini": 0.4787532467532467,
  "pseudo_4-mini_analogy": 0.4544455544455544,
  "pseudo_4": 0.41374929418407674,
  "pseudo_4_analogy": 0.42008658008658006,
  "text_3.5": 0.45765215176979884,
  "text_3.5_analogy": 0.4943722943722944,
  "text_4-mini": 0.4562091503267974,
  "text_4-mini_analogy": 0.35138888888888886,
  "text_4": 0.33071895424836595,
  "text_4_analogy": 0.29239766081871343
}