{
  "pseudo_3.5": 0.6651785714285715,
  "pseudo_3.5_analogy": 0.7643097643097643,
  "pseudo_4-mini": 0.7643097643097643,
  "pseudo_4-mini_analogy": 0.6914285714285714,
  "pseudo_4": 0.7664071190211346,
  "pseudo_4_analogy": 0.6651785714285715,
  "text_3.5": 0.8,
  "text_3.5_analogy": 0.6329254727474972,
  "text_4-mini": 0.625,
  "text_4-mini_analogy": 0.6122209165687427,
  "text_4": 0.6228571428571429,
  "text_4_analogy": 0.5542857142857142
}