{
  "pseudo_3.5": {
    "fled": 0.8574929257125441,
    "pointed at": 0.9899494936611665,
    "pulled": 0.7071067811865475,
    "pushed": 0.8944271909999159,
    "walked": 0.9486832980505138,
    "hunted": 0.7071067811865475,
    "impacted": 0.9284766908852593,
    "perched": 0.9899494936611665,
    "showed": 0.8823529411764705,
    "smashed": 0.9557790087219502,
    "bombed": 0.995893206467704,
    "flew": 0.8790318556967283,
    "floated": 0.9899494936611665,
    "lifted": 1.0,
    "sank": 1.0,
    "argued with": 0.9899494936611665,
    "gave to": 0.9899494936611665,
    "offended": 0.5692099788303082,
    "rushed": 0.9216353751380651,
    "warned": 0.7071067811865475,
    "owned": 0.9979253089684582,
    "regretted": 0.9701425001453318,
    "rested": 0.7071067811865475,
    "tempted": 0.7071067811865475,
    "wanted": 0.645942241466174,
    "hoped": 0.7371541402007414,
    "increased": 1.0,
    "obeyed": 0.5512572654369313,
    "respected": 0.5144957554275265,
    "succeeded": 0.6305926250944656
  },
  "pseudo_3.5_analogy": {
    "fled": 0.995893206467704,
    "pointed at": 0.9951580892710009,
    "pulled": 0.995893206467704,
    "pushed": 0.9670745372626464,
    "walked": 0.9615239476408232,
    "hunted": 0.7071067811865475,
    "impacted": 0.9486832980505138,
    "perched": 0.9899494936611665,
    "showed": 0.6726727939963124,
    "smashed": 0.9899494936611666,
    "bombed": 0.9899494936611665,
    "flew": 0.9601952966035754,
    "floated": 0.9692307692307692,
    "lifted": 1.0,
    "sank": 1.0,
    "argued with": 0.9899494936611665,
    "gave to": 0.9899494936611665,
    "offended": 0.5692099788303082,
    "rushed": 0.8574929257125441,
    "warned": 0.9863939238321437,
    "owned": 0.9899494936611666,
    "regretted": 0.7071067811865475,
    "rested": 0.7071067811865475,
    "tempted": 0.7071067811865475,
    "wanted": 0.7633862853691146,
    "hoped": 0.8944271909999157,
    "increased": 1.0,
    "obeyed": 0.9417419115948374,
    "respected": 0.5144957554275265,
    "succeeded": 0.9761870601839526
  },
  "pseudo_4-mini": {
    "fled": 1.0,
    "pointed at": 0.9899494936611665,
    "pulled": 1.0,
    "pushed": 1.0,
    "walked": 0.9486832980505138,
    "hunted": 0.8944271909999157,
    "impacted": 0.9557790087219502,
    "perched": 0.9899494936611665,
    "showed": 0.5144957554275265,
    "smashed": 0.8541985556144387,
    "bombed": 0.995893206467704,
    "flew": 0.8574929257125441,
    "floated": 0.9899494936611665,
    "lifted": 1.0,
    "sank": 1.0,
    "argued with": 0.9899494936611665,
    "gave to": 0.9899494936611665,
    "offended": 0.9999999999999999,
    "rushed": 0.8574929257125441,
    "warned": 0.8637789008984333,
    "owned": 0.9486832980505138,
    "regretted": 0.7071067811865475,
    "rested": 0.7071067811865475,
    "tempted": 0.7071067811865475,
    "wanted": 0.995893206467704,
    "hoped": 0.9230769230769231,
    "increased": 1.0,
    "obeyed": 0.8790318556967283,
    "respected": 0.6305926250944656,
    "succeeded": 0.9466499060501441
  },
  "pseudo_4-mini_analogy": {
    "fled": 0.645942241466174,
    "pointed at": 0.9951580892710009,
    "pulled": 0.813733471206735,
    "pushed": 1.0,
    "walked": 0.9486832980505138,
    "hunted": 0.8320502943378436,
    "impacted": 0.8541985556144387,
    "perched": 0.9899494936611665,
    "showed": 0.7592566023652965,
    "smashed": 0.973417168333576,
    "bombed": 1.0,
    "flew": 0.8574929257125441,
    "floated": 0.9899494936611665,
    "lifted": 1.0,
    "sank": 1.0,
    "argued with": 0.9899494936611665,
    "gave to": 0.9899494936611665,
    "offended": 0.6904757466825007,
    "rushed": 0.9701425001453318,
    "warned": 0.8944271909999157,
    "owned": 0.8087360843031886,
    "regretted": 0.9965457582448796,
    "rested": 0.7071067811865475,
    "tempted": 0.9701425001453318,
    "wanted": 0.8574929257125441,
    "hoped": 0.7071067811865475,
    "increased": 1.0,
    "obeyed": 0.9216353751380651,
    "respected": 0.5144957554275265,
    "succeeded": 0.8436614877321074
  },
  "pseudo_4": {
    "fled": 1.0,
    "pointed at": 0.9899494936611665,
    "pulled": 1.0,
    "pushed": 1.0,
    "walked": 0.9486832980505138,
    "hunted": 0.7071067811865475,
    "impacted": 0.8944271909999157,
    "perched": 0.9899494936611665,
    "showed": 0.6305926250944656,
    "smashed": 0.9486832980505138,
    "bombed": 1.0,
    "flew": 0.8574929257125441,
    "floated": 0.9899494936611665,
    "lifted": 1.0,
    "sank": 1.0,
    "argued with": 0.9899494936611665,
    "gave to": 0.9899494936611665,
    "offended": 0.9999999999999999,
    "rushed": 0.9005516363645785,
    "warned": 0.9999999999999998,
    "owned": 0.9486832980505138,
    "regretted": 0.7999999999999998,
    "rested": 0.7071067811865475,
    "tempted": 0.7071067811865475,
    "wanted": 0.9670745372626464,
    "hoped": 0.7071067811865475,
    "increased": 1.0,
    "obeyed": 0.9005516363645785,
    "respected": 0.5512572654369313,
    "succeeded": 0.5144957554275265
  },
  "pseudo_4_analogy": {
    "fled": 0.8944271909999159,
    "pointed at": 0.9899494936611665,
    "pulled": 0.9486832980505138,
    "pushed": 1.0,
    "walked": 0.9486832980505138,
    "hunted": 0.7371541402007414,
    "impacted": 0.8944271909999157,
    "perched": 0.9899494936611665,
    "showed": 0.6726727939963124,
    "smashed": 0.9486832980505138,
    "bombed": 1.0,
    "flew": 0.8790318556967283,
    "floated": 0.9899494936611665,
    "lifted": 1.0,
    "sank": 1.0,
    "argued with": 0.9951580892710009,
    "gave to": 0.9899494936611665,
    "offended": 0.5692099788303082,
    "rushed": 0.9216353751380651,
    "warned": 0.9701425001453318,
    "owned": 0.8087360843031886,
    "regretted": 0.7071067811865475,
    "rested": 0.9486832980505137,
    "tempted": 0.8637789008984333,
    "wanted": 0.7071067811865475,
    "hoped": 0.7071067811865475,
    "increased": 1.0,
    "obeyed": 0.9005516363645785,
    "respected": 0.6726727939963124,
    "succeeded": 0.9701425001453318
  },
  "text_3.5": {
    "fled": 0.9670745372626464,
    "pointed at": 0.9999999999999999,
    "pulled": 0.7633862853691146,
    "pushed": 1.0,
    "walked": 0.9999999999999999,
    "hunted": 0.9486832980505137,
    "impacted": 0.973417168333576,
    "perched": 0.9899494936611665,
    "showed": 0.9216353751380651,
    "smashed": 0.9922778767136677,
    "bombed": 0.9990561583550596,
    "flew": 0.8574929257125441,
    "floated": 0.9899494936611665,
    "lifted": 1.0,
    "sank": 1.0,
    "argued with": 0.9899494936611665,
    "gave to": 0.9899494936611665,
    "offended": 0.9986876634765887,
    "rushed": 0.9887990866865882,
    "warned": 0.9999999999999998,
    "owned": 0.9615239476408232,
    "regretted": 0.9230769230769231,
    "rested": 0.7071067811865475,
    "tempted": 0.7071067811865475,
    "wanted": 0.7633862853691146,
    "hoped": 0.7071067811865475,
    "increased": 1.0,
    "obeyed": 0.8022332212740244,
    "respected": 0.6305926250944656,
    "succeeded": 0.7157819483772107
  },
  "text_3.5_analogy": {
    "fled": 0.8944271909999159,
    "pointed at": 0.9951580892710009,
    "pulled": 0.9486832980505138,
    "pushed": 1.0,
    "walked": 0.8087360843031886,
    "hunted": 0.8320502943378436,
    "impacted": 0.9615239476408232,
    "perched": 0.9899494936611665,
    "showed": 0.7592566023652965,
    "smashed": 0.9486832980505138,
    "bombed": 1.0,
    "flew": 0.9005516363645785,
    "floated": 0.9899494936611665,
    "lifted": 1.0,
    "sank": 1.0,
    "argued with": 0.9899494936611665,
    "gave to": 0.8877545314489294,
    "offended": 0.23046638387921276,
    "rushed": 0.9601952966035754,
    "warned": 0.7682212795973759,
    "owned": 0.8541985556144387,
    "regretted": 0.7682212795973759,
    "rested": 0.7071067811865475,
    "tempted": 0.7682212795973759,
    "wanted": 0.31622776601683794,
    "hoped": 0.7071067811865475,
    "increased": 1.0,
    "obeyed": 0.8574929257125441,
    "respected": 0.5144957554275265,
    "succeeded": 0.7592566023652965
  },