{
  "pseudo_3.5": {
    "fled": 0.0,
    "pointed at": 0.9899494936611665,
    "pulled": 0.7071067811865475,
    "pushed": 0.8944271909999159,
    "walked": 0.42640143271122083,
    "hunted": 0.7071067811865475,
    "impacted": 0.9042908467323281,
    "perched": 0.0,
    "showed": 0.7678360453334871,
    "smashed": 0.6260990336999411,
    "bombed": 0.995893206467704,
    "flew": 0.6667810079189725,
    "floated": 0.9899494936611665,
    "lifted": 0.9899494936611665,
    "sank": 1.0,
    "argued with": 0.9746794344808964,
    "gave to": 0.9899494936611665,
    "offended": 0.5933001032625297,
    "rushed": 0.8770348837336384,
    "warned": 0.4435327625727438,
    "owned": 0.23601716001542533,
    "regretted": 0.6454972243679029,
    "rested": 0.632455532033676,
    "tempted": 0.47140452079103173,
    "wanted": 0.645942241466174,
    "hoped": 0.6218680598725868,
    "increased": 1.0,
    "obeyed": 0.5081826849863567,
    "respected": 0.47140452079103173,
    "succeeded": 0.610170215847752
  },
  "pseudo_3.5_analogy": {
    "fled": 0.0,
    "pointed at": 0.9890151381026614,
    "pulled": 0.9943788200017947,
    "pushed": 0.9824666109905364,
    "walked": 0.43525982461377366,
    "hunted": 0.7071067811865475,
    "impacted": 0.9302605094190635,
    "perched": 0.0,
    "showed": 0.7108057085060272,
    "smashed": 0.9731236802019037,
    "bombed": 0.9824666109905364,
    "flew": 0.7813174134833686,
    "floated": 0.9153846153846154,
    "lifted": 0.9899494936611665,
    "sank": 1.0,
    "argued with": 0.8863192865255393,
    "gave to": 0.9899494936611665,
    "offended": 0.582837933385513,
    "rushed": 0.8574929257125441,
    "warned": 0.9017000959648742,
    "owned": 0.27874925905782666,
    "regretted": 0.47140452079103173,
    "rested": 0.47140452079103173,
    "tempted": 0.47140452079103173,
    "wanted": 0.7633862853691146,
    "hoped": 0.8062257748298549,
    "increased": 1.0,
    "obeyed": 0.10090091909944685,
    "respected": 0.4657971306985124,
    "succeeded": 0.3721042037676254
  },
  "pseudo_4-mini": {
    "fled": 0.9990561583550596,
    "pointed at": 0.9899494936611665,
    "pulled": 1.0,
    "pushed": 1.0,
    "walked": 0.42640143271122083,
    "hunted": 0.8029550685469662,
    "impacted": 0.9557790087219502,
    "perched": 0.0,
    "showed": 0.6396021490668313,
    "smashed": 0.8541985556144387,
    "bombed": 0.995893206467704,
    "flew": 0.6396021490668313,
    "floated": 0.9899494936611665,
    "lifted": 0.9899494936611665,
    "sank": 1.0,
    "argued with": 0.8863192865255393,
    "gave to": 0.9899494936611665,
    "offended": 0.17667235916330964,
    "rushed": 0.8574929257125441,
    "warned": 0.6328318816843781,
    "owned": 0.18257418583505536,
    "regretted": 0.47140452079103173,
    "rested": 0.491436093467161,
    "tempted": 0.47140452079103173,
    "wanted": 0.995893206467704,
    "hoped": 0.8427176058037136,
    "increased": 1.0,
    "obeyed": 0.022348267517713426,
    "respected": 0.5333333333333333,
    "succeeded": 0.5758167996310984
  },
  "pseudo_4-mini_analogy": {
    "fled": 0.7664063157207794,
    "pointed at": 0.9890151381026614,
    "pulled": 0.878438127193422,
    "pushed": 1.0,
    "walked": 0.42640143271122083,
    "hunted": 0.8320502943378436,
    "impacted": 0.8725125761206665,
    "perched": 0.0,
    "showed": 0.7416198487095662,
    "smashed": 0.973417168333576,
    "bombed": 1.0,
    "flew": 0.6396021490668313,
    "floated": 0.9899494936611665,
    "lifted": 0.9899494936611665,
    "sank": 1.0,
    "argued with": 0.2982404540317303,
    "gave to": 0.9899494936611665,
    "offended": 0.2262942859214143,
    "rushed": 0.8711512378587782,
    "warned": 0.6350852961085884,
    "owned": 0.2840187787218772,
    "regretted": 0.8547960742202878,
    "rested": 0.6153846153846154,
    "tempted": 0.8291993681924557,
    "wanted": 0.9128709291752769,
    "hoped": 0.5883484054145521,
    "increased": 1.0,
    "obeyed": 0.024362080103712172,
    "respected": 0.5254938542453881,
    "succeeded": 0.6139406135149206
  },
  "pseudo_4": {
    "fled": 0.2544932992796438,
    "pointed at": 0.9899494936611665,
    "pulled": 1.0,
    "pushed": 1.0,
    "walked": 0.42640143271122083,
    "hunted": 0.7071067811865475,
    "impacted": 0.8433802953476239,
    "perched": 0.31304951684997057,
    "showed": 0.6934760925288562,
    "smashed": 0.9486832980505138,
    "bombed": 1.0,
    "flew": 0.6396021490668313,
    "floated": 0.9899494936611665,
    "lifted": 0.9899494936611665,
    "sank": 1.0,
    "argued with": 0.3499566196366778,
    "gave to": 0.9899494936611665,
    "offended": 0.18353258709644943,
    "rushed": 0.8539713793112382,
    "warned": 0.6666666666666669,
    "owned": 0.18257418583505536,
    "regretted": 0.5666666666666667,
    "rested": 0.47140452079103173,
    "tempted": 0.47140452079103173,
    "wanted": 0.9670745372626464,
    "hoped": 0.5883484054145521,
    "increased": 1.0,
    "obeyed": 0.0,
    "respected": 0.491436093467161,
    "succeeded": 0.5883484054145521
  },
  "pseudo_4_analogy": {
    "fled": 0.7857142857142856,
    "pointed at": 0.9899494936611665,
    "pulled": 0.9704949588309457,
    "pushed": 1.0,
    "walked": 0.42640143271122083,
    "hunted": 0.7371541402007414,
    "impacted": 0.8433802953476239,
    "perched": 0.31304951684997057,
    "showed": 0.7108057085060272,
    "smashed": 0.9486832980505138,
    "bombed": 1.0,
    "flew": 0.6667810079189725,
    "floated": 0.9899494936611665,
    "lifted": 0.9899494936611665,
    "sank": 1.0,
    "argued with": 0.16911475804987608,
    "gave to": 0.9899494936611665,
    "offended": 0.2176428750330035,
    "rushed": 0.9013969638373505,
    "warned": 0.8224396186997113,
    "owned": 0.7983723279170815,
    "regretted": 0.47140452079103173,
    "rested": 0.595879571531124,
    "tempted": 0.6182840223353118,
    "wanted": 0.7071067811865475,
    "hoped": 0.5883484054145521,
    "increased": 1.0,
    "obeyed": 0.04658025705334026,
    "respected": 0.6282051282051283,
    "succeeded": 0.5547001962252291
  },
  "text_3.5": {
    "fled": 0.9338592095470355,
    "pointed at": 0.9799999999999999,
    "pulled": 0.5520524474738834,
    "pushed": 1.0,
    "walked": 0.5700338366611011,
    "hunted": 0.7397954428741077,
    "impacted": 0.973417168333576,
    "perched": 0.0,
    "showed": 0.5125692857821981,
    "smashed": 0.9838946998982182,
    "bombed": 0.9979402655783317,
    "flew": 0.6396021490668313,
    "floated": 0.9899494936611665,
    "lifted": 0.9899494936611665,
    "sank": 1.0,
    "argued with": 0.8029550685469662,
    "gave to": 0.970725343394151,
    "offended": 0.17624204863381404,
    "rushed": 0.835861676337902,
    "warned": 0.8784585919193317,
    "owned": 0.18240186471517314,
    "regretted": 0.7410810764999063,
    "rested": 0.6575959492214293,
    "tempted": 0.5758526005989557,
    "wanted": 0.4877131100041324,
    "hoped": 0.5883484054145521,
    "increased": 1.0,
    "obeyed": 0.4757429568020377,
    "respected": 0.5333333333333333,
    "succeeded": 0.6188870041887828
  },
  "text_3.5_analogy": {
    "fled": 0.9191450300180578,
    "pointed at": 0.9890151381026614,
    "pulled": 0.7664063157207794,
    "pushed": 1.0,
    "walked": 0.4986206870274039,
    "hunted": 0.7701540462154053,
    "impacted": 0.7173992292547702,
    "perched": 0.0,
    "showed": 0.7416198487095662,
    "smashed": 0.9486832980505138,
    "bombed": 0.995893206467704,
    "flew": 0.6948822928339646,
    "floated": 0.9899494936611665,
    "lifted": 0.9899494936611665,
    "sank": 1.0,
    "argued with": 0.8029550685469662,
    "gave to": 0.783203298899722,
    "offended": 0.17624204863381404,
    "rushed": 0.8956660530104155,
    "warned": 0.850104461597759,
    "owned": 0.17460757394239457,
    "regretted": 0.5334869997204,
    "rested": 0.47140452079103173,
    "tempted": 0.5369248441712194,
    "wanted": 0.31622776601683794,
    "hoped": 0.5883484054145521,
    "increased": 1.0,
    "obeyed": 0.4411764705882352,
    "respected": 0.5254938542453881,