{
  "pseudo_3.5": {
    "0": [
      0.5840435393266399,
      0.0007027503805207016
    ],
    "1": [
      0.5840435393266399,
      0.0007027503805207016
    ]
  },
  "pseudo_3.5_analogy": {
    "0": [
      0.5588842993030083,
      0.0013262237396986995
    ],
    "1": [
      0.5588842993030083,
      0.0013262237396986995
    ]
  },
  "pseudo_4-mini": {
    "0": [
      0.718671406806178,
      7.708370186361032e-06
    ],
    "1": [
      0.718671406806178,
      7.708370186361032e-06
    ]
  },
  "pseudo_4-mini_analogy": {
    "0": [
      0.7295692057070838,
      4.77950284421226e-06
    ],
    "1": [
      0.7295692057070838,
      4.77950284421226e-06
    ]
  },
  "pseudo_4": {
    "0": [
      0.7402180030513716,
      2.9298167483785103e-06
    ],
    "1": [
      0.7402180030513716,
      2.9298167483785103e-06
    ]
  },
  "pseudo_4_analogy": {
    "0": [
      0.6661020380479759,
      5.870934850622003e-05
    ],
    "1": [
      0.6661020380479759,
      5.870934850622003e-05
    ]
  },
  "text_3.5": {
    "0": [
      0.759847061794225,
      1.114766473033674e-06
    ],
    "1": [
      0.759847061794225,
      1.114766473033674e-06
    ]
  },
  "text_3.5_analogy": {
    "0": [
      0.5843229918497497,
      0.0006976082044238068
    ],
    "1": [
      0.5843229918497497,
      0.0006976082044238068
    ]
  },
  "text_4-mini": {
    "0": [
      0.6932593552800196,
      2.1677393079979864e-05
    ],
    "1": [
      0.6932593552800196,
      2.1677393079979864e-05
    ]
  },
  "text_4-mini_analogy": {
    "0": [
      0.652206219329491,
      9.41175269368781e-05
    ],
    "1": [
      0.652206219329491,
      9.41175269368781e-05
    ]
  },
  "text_4": {
    "0": [
      0.6388250739753809,
      0.0001450683074961689
    ],
    "1": [
      0.6388250739753809,
      0.0001450683074961689
    ]
  },
  "text_4_analogy": {
    "0": [
      0.594877945428707,
      0.000526023769023715
    ],
    "1": [
      0.594877945428707,
      0.000526023769023715
    ]
  }
}