{
  "pseudo_3.5": {
    "0": [
      0.5440244533684228,
      0.0018861932000993
    ],
    "1": [
      0.5438639608587921,
      0.0018932165082152597
    ],
    "2": [
      0.2524220746013651,
      0.1783873734899048
    ],
    "3": [
      0.5224320997358725,
      0.0030605479529999357
    ]
  },
  "pseudo_3.5_analogy": {
    "0": [
      0.464191550754382,
      0.00976581195411459
    ],
    "1": [
      0.36095297483296623,
      0.050036749958093624
    ],
    "2": [
      0.2762420464427943,
      0.13949428793669874
    ],
    "3": [
      0.418426050570386,
      0.021382782531856666
    ]
  },
  "pseudo_4-mini": {
    "0": [
      0.5936105221168896,
      0.0005444413385458978
    ],
    "1": [
      0.575405932613999,
      0.0008789979226715675
    ],
    "2": [
      0.5044266277625563,
      0.004476411425359468
    ],
    "3": [
      0.4978502282299141,
      0.005117668644073886
    ]
  },
  "pseudo_4-mini_analogy": {
    "0": [
      0.6406816471329367,
      0.00013678283416248364
    ],
    "1": [
      0.4480432388672354,
      0.013029515150778046
    ],
    "2": [
      0.41524615015260363,
      0.02249582640188472
    ],
    "3": [
      0.5367088189132517,
      0.002230284795678483
    ]
  },
  "pseudo_4": {
    "0": [
      0.6345808092533731,
      0.0001657067225288291
    ],
    "1": [
      0.5520781051985669,
      0.0015615477621921238
    ],
    "2": [
      0.3366851636724956,
      0.06886998934918576
    ],
    "3": [
      0.44153702794268324,
      0.014580107996573133
    ]
  },
  "pseudo_4_analogy": {
    "0": [
      0.6740240185161979,
      4.436768347958543e-05
    ],
    "1": [
      0.5441498492883687,
      0.0018807214896885776
    ],
    "2": [
      0.5407748634075762,
      0.002032888633867793
    ],
    "3": [
      0.470451764599594,
      0.008701078752296922
    ]
  },
  "text_3.5": {
    "0": [
      0.5996900118520201,
      0.00046099045209481546
    ],
    "1": [
      0.624808694332912,
      0.0002234350668854994
    ],
    "2": [
      0.36123238250020506,
      0.04984659265232008
    ],
    "3": [
      0.47316037464985844,
      0.008271753162165694
    ]
  },
  "text_3.5_analogy": {
    "0": [
      0.4413472751090313,
      0.014627540990258876
    ],
    "1": [
      0.4376841621873091,
      0.015568710282772081
    ],
    "2": [
      0.5563678836459808,
      0.0014093527248990661
    ],
    "3": [
      0.4953730349447108,
      0.005378757444342986
    ]
  },
  "text_4-mini": {
    "0": [
      0.6102871903058706,
      0.00034215023559338914
    ],
    "1": [
      0.3289664162416875,
      0.07589126632930938
    ],
    "2": [
      0.3768923175117717,
      0.04007130293953125
    ],
    "3": [
      0.40457690145032227,
      0.026583164662640223
    ]
  },
  "text_4-mini_analogy": {
    "0": [
      0.5591572445937759,
      0.0013174692904253796
    ],
    "1": [
      0.36965991336944387,
      0.044375091409673266
    ],
    "2": [
      0.5032351273595227,
      0.004587205462789357
    ],
    "3": [
      0.4005229508362552,
      0.028286945214749847
    ]
  },
  "text_4": {
    "0": [
      0.6312603056501916,
      0.00018362940155108293
    ],
    "1": [
      0.49032117168841277,
      0.005946570304866912
    ],
    "2": [
      0.3791795084527658,
      0.03878219497278492
    ],
    "3": [
      0.36587802911353845,
      0.04676798358892452
    ]
  },
  "text_4_analogy": {
    "0": [
      0.5787608587962972,
      0.0008064149781298525
    ],
    "1": [
      0.414697705422106,
      0.022692522030458195
    ],
    "2": [
      0.38152470759338764,
      0.037495177554319144
    ],
    "3": [
      0.3578362377448381,
      0.052197107372925614
    ]
  }
}